timestamp_s,fps,latency_ms,cpu_pct,gpu_pct,ram_mb,gpu_mem_mb,temp_cpu_c,temp_gpu_c,power_w,throttle
0,26.8,37.3,37.7,53.5,1864,611,57.9,61.4,21.2,no
1,26.8,37.3,36.8,51.9,1872,613,58.3,62.0,21.4,no
2,26.7,37.5,38.6,52.5,1850,612,58.2,61.4,22.1,no
3,26.5,37.7,36.2,53.9,1856,615,58.3,61.6,21.2,no
4,27.5,36.4,36.8,54.3,1867,604,58.3,61.5,20.9,no
5,26.8,37.4,38.6,54.0,1866,612,58.3,62.1,21.1,no
6,26.9,37.1,36.7,51.8,1860,608,57.9,62.9,20.9,no
7,26.5,37.7,37.4,50.9,1867,616,58.6,62.0,22.2,no
8,26.5,37.8,40.8,53.9,1856,612,57.9,62.3,20.4,no
9,26.6,37.6,38.9,52.9,1837,607,58.4,61.8,20.9,no
10,26.9,37.1,38.0,54.8,1832,597,57.8,62.2,21.1,no
11,26.7,37.5,38.5,54.4,1868,620,58.1,61.6,21.4,no
12,26.4,37.9,36.6,52.2,1845,627,58.6,62.0,21.3,no
13,26.8,37.3,37.3,53.8,1864,618,57.0,62.3,22.2,no
14,26.9,37.1,37.6,52.3,1833,625,57.8,62.5,21.3,no
15,26.7,37.4,38.3,56.4,1830,613,58.4,62.0,20.6,no
16,26.4,37.9,38.7,54.5,1857,611,58.7,61.3,20.5,no
17,26.3,38.0,40.4,52.7,1842,612,57.5,62.1,21.7,no
18,26.9,37.2,37.9,55.2,1844,599,58.1,62.3,21.5,no
19,27.1,37.0,38.8,53.1,1860,616,57.7,62.5,21.6,no
20,26.4,37.9,39.8,53.2,1890,614,58.1,61.9,21.7,no
21,26.7,37.4,37.3,53.3,1842,621,57.3,62.1,21.6,no
22,26.5,37.7,37.9,53.7,1861,604,57.9,61.4,21.7,no
23,27.0,37.1,38.5,51.9,1841,615,58.2,62.4,21.6,no
24,26.7,37.4,38.0,55.9,1864,597,57.9,62.0,22.7,no
25,26.1,38.3,38.2,52.6,1843,614,57.7,62.0,21.0,no
26,27.4,36.6,37.0,57.7,1883,610,57.6,62.1,22.5,no
27,27.2,36.8,37.5,50.6,1864,615,58.5,61.9,21.0,no
28,26.4,37.9,38.4,53.8,1851,596,58.6,62.9,21.6,no
29,27.1,36.9,37.1,51.3,1861,612,58.2,61.8,20.8,no
30,27.1,36.9,39.2,53.1,1846,593,58.2,62.6,21.7,no
31,26.9,37.2,38.0,58.0,1879,606,58.4,62.2,20.9,no
32,26.6,37.6,38.5,52.4,1893,610,58.6,61.4,21.5,no
33,26.5,37.7,37.1,53.5,1817,593,58.0,62.0,20.5,no
34,27.1,36.9,39.6,52.7,1858,614,58.4,62.3,20.1,no
35,26.8,37.3,37.6,53.4,1841,607,57.1,62.1,20.9,no
36,26.9,37.1,36.5,52.9,1852,625,57.8,61.8,21.5,no
37,26.8,37.3,36.6,54.0,1868,626,58.4,61.7,21.3,no
38,26.6,37.5,37.5,53.8,1887,605,58.2,61.2,21.6,no
39,26.7,37.4,40.3,55.0,1815,615,57.5,62.3,21.6,no
40,26.2,38.1,40.4,51.3,1817,618,58.6,62.1,20.1,no
41,26.6,37.7,36.3,55.1,1838,614,58.0,61.8,20.2,no
42,26.6,37.5,38.1,54.0,1855,605,58.1,61.7,22.4,no
43,27.0,37.0,37.8,54.8,1848,618,57.7,61.7,22.4,no
44,26.6,37.6,38.8,54.2,1849,616,58.3,61.9,21.2,no
45,26.8,37.4,39.9,52.9,1838,604,57.6,62.3,20.8,no
46,26.1,38.3,38.3,52.6,1845,599,58.0,61.4,21.3,no
47,26.9,37.2,39.1,52.4,1884,605,57.9,61.7,20.8,no
48,26.9,37.1,37.0,54.7,1865,617,58.6,61.8,21.6,no
49,26.9,37.2,36.9,52.1,1852,618,57.5,62.2,22.0,no
50,26.9,37.1,38.7,54.6,1858,595,58.1,61.8,21.4,no
51,26.9,37.2,38.3,53.1,1824,617,57.9,61.7,20.9,no
52,26.7,37.4,39.7,53.8,1846,613,57.5,62.3,22.0,no
53,27.0,37.1,38.8,54.2,1850,611,58.0,61.3,21.3,no
54,26.4,37.9,38.6,50.4,1851,609,58.0,62.8,22.6,no
55,27.2,36.8,36.6,52.7,1827,595,58.4,61.7,19.8,no
56,26.6,37.6,39.7,53.0,1834,622,57.7,62.0,20.6,no
57,26.7,37.4,39.0,52.8,1841,607,58.3,62.2,20.6,no
58,26.9,37.2,38.8,51.4,1879,613,58.0,61.9,21.2,no
59,26.9,37.2,36.4,54.6,1870,596,57.5,61.7,21.5,no
60,26.8,37.4,39.0,50.8,1876,604,58.6,61.2,21.3,no
61,27.1,36.9,39.6,51.8,1864,613,57.9,62.0,21.1,no
62,26.9,37.2,39.0,51.5,1853,607,57.9,61.9,21.5,no
63,26.3,38.0,39.0,53.3,1867,617,58.4,62.1,21.4,no
64,26.7,37.4,38.2,54.9,1818,612,58.0,62.2,20.7,no
65,26.5,37.8,37.8,54.0,1826,603,57.6,61.5,21.3,no
66,26.6,37.6,36.1,52.2,1871,620,57.7,61.9,21.3,no
67,26.5,37.7,38.2,53.3,1843,611,58.4,61.1,22.0,no
68,26.9,37.2,36.4,52.2,1847,619,58.0,61.8,22.1,no
69,26.3,38.0,36.9,53.3,1832,618,58.8,62.8,21.9,no
70,27.0,37.1,39.9,56.0,1851,604,58.4,61.4,21.6,no
71,27.1,36.9,40.2,52.7,1833,609,57.9,61.0,20.5,no
72,27.1,37.0,37.6,53.3,1863,600,57.9,62.8,21.1,no
73,26.6,37.6,37.4,53.6,1857,601,57.9,62.1,21.0,no
74,26.6,37.6,38.2,56.6,1883,603,57.9,61.7,22.3,no
75,26.4,37.9,38.1,50.3,1854,598,57.8,61.5,21.8,no
76,26.6,37.6,37.8,51.5,1837,609,57.6,61.8,21.5,no
77,26.7,37.4,38.6,53.3,1838,610,58.0,62.2,20.8,no
78,27.2,36.7,37.8,54.8,1863,614,57.4,62.1,21.1,no
79,26.8,37.4,37.8,51.8,1864,613,58.0,62.1,21.6,no
80,26.4,37.9,36.9,54.4,1843,610,58.3,61.7,21.2,no
81,27.0,37.0,36.9,53.7,1857,613,58.4,61.8,21.4,no
82,26.4,37.9,38.0,53.8,1855,616,57.7,61.9,21.7,no
83,26.7,37.4,38.8,50.2,1839,613,57.6,61.9,20.5,no
84,26.5,37.7,38.8,53.3,1834,604,57.9,61.0,21.3,no
85,26.8,37.3,37.4,52.0,1858,613,58.4,62.0,21.0,no
86,26.7,37.5,36.4,53.5,1833,609,57.7,61.2,22.2,no
87,27.1,36.9,37.6,53.3,1862,603,57.5,61.3,20.1,no
88,26.6,37.6,36.3,52.1,1828,611,58.0,62.2,21.7,no
89,26.4,37.8,38.8,52.5,1852,608,58.4,62.1,21.1,no
90,26.1,38.3,37.2,52.4,1831,617,59.5,61.5,22.1,no
91,26.3,38.1,37.1,51.2,1856,600,58.2,61.9,21.6,no
92,26.9,37.2,39.6,51.9,1865,607,57.6,61.3,21.3,no
93,26.9,37.2,40.8,51.2,1831,615,57.7,62.1,22.7,no
94,27.0,37.0,39.1,53.5,1850,623,57.6,61.9,21.7,no
95,26.7,37.4,38.7,50.9,1839,612,57.1,61.7,20.5,no
96,26.2,38.2,37.8,52.4,1843,607,58.3,62.4,22.4,no
97,26.1,38.3,36.6,52.6,1854,608,58.2,61.6,21.2,no
98,26.8,37.3,37.3,54.6,1850,617,57.6,61.9,22.4,no
99,26.3,38.0,37.9,50.2,1883,609,57.2,62.5,20.5,no
100,26.8,37.3,37.7,51.7,1817,586,57.8,62.0,21.8,no
101,27.1,36.9,37.6,52.0,1856,605,58.2,62.6,21.1,no
102,26.7,37.4,36.1,51.6,1823,611,58.1,61.6,21.1,no
103,26.4,37.9,37.1,54.1,1856,621,57.3,61.6,21.2,no
104,27.1,37.0,38.6,49.1,1833,610,57.9,61.8,21.2,no
105,27.0,37.1,38.7,52.0,1823,602,58.5,61.4,22.1,no
106,26.8,37.3,36.0,57.6,1848,613,58.5,62.2,20.3,no
107,26.7,37.4,35.6,51.9,1866,621,58.3,61.7,20.7,no
108,26.3,38.1,37.1,50.6,1868,609,58.3,62.4,21.6,no
109,26.7,37.5,39.0,54.0,1833,619,58.1,62.9,21.5,no
110,26.7,37.4,39.1,53.9,1853,626,58.5,61.6,21.8,no
111,27.0,37.1,39.1,53.5,1837,606,58.0,62.8,22.0,no
112,26.9,37.1,37.8,55.2,1841,602,58.3,62.0,21.3,no
113,26.8,37.3,38.1,49.8,1824,606,58.5,62.2,22.1,no
114,26.9,37.2,36.3,51.9,1841,606,57.6,61.6,22.3,no
115,27.0,37.0,38.6,51.2,1823,600,57.8,61.7,20.3,no
116,26.8,37.4,37.2,49.1,1880,608,58.1,62.2,21.0,no
117,27.4,36.5,36.1,53.9,1839,614,58.2,61.6,21.0,no
118,26.8,37.3,34.7,52.3,1849,616,58.8,61.8,21.6,no
119,26.2,38.1,38.5,50.8,1875,602,58.5,62.0,21.1,no
120,26.9,37.2,38.4,56.1,1813,620,58.2,62.2,20.6,no
121,27.3,36.6,39.2,52.5,1858,612,58.4,61.2,20.8,no
122,26.3,38.0,39.0,54.1,1871,608,58.7,62.5,22.4,no
123,27.0,37.1,38.3,52.4,1845,619,58.0,61.8,20.4,no
124,27.0,37.0,37.3,55.8,1850,613,57.7,62.3,21.3,no
125,26.4,37.9,38.6,53.3,1838,590,57.7,62.3,21.8,no
126,26.6,37.7,37.1,53.3,1829,606,57.9,62.0,20.8,no
127,26.5,37.8,37.2,53.9,1864,624,58.1,62.3,21.9,no
128,26.4,37.9,38.7,53.0,1852,627,58.1,62.2,22.3,no
129,26.8,37.4,38.3,53.2,1854,626,58.0,62.4,21.2,no
130,26.8,37.4,38.9,54.4,1831,611,58.1,61.5,20.6,no
131,26.7,37.5,37.9,53.5,1816,615,57.6,61.9,21.2,no
132,27.0,37.0,38.8,54.8,1832,608,58.1,61.9,21.4,no
133,26.5,37.7,37.7,51.4,1835,605,57.4,63.2,21.5,no
134,26.8,37.3,37.2,52.8,1818,607,57.6,61.4,21.1,no
135,26.9,37.1,38.8,51.0,1868,607,57.8,62.1,21.4,no
136,26.9,37.2,39.1,55.0,1848,614,58.1,61.8,21.5,no
137,26.6,37.6,39.4,51.7,1840,603,57.9,62.2,20.6,no
138,26.7,37.4,37.6,52.1,1805,608,57.7,61.8,20.1,no
139,26.9,37.2,37.0,50.6,1873,624,57.5,62.5,20.9,no
140,26.3,38.0,37.0,55.5,1829,616,57.9,61.9,20.0,no
141,26.8,37.4,36.9,54.3,1837,609,58.0,62.0,21.7,no
142,26.9,37.2,38.5,51.8,1848,610,58.0,61.7,21.5,no
143,27.1,37.0,39.4,54.1,1829,613,58.1,62.1,22.0,no
144,26.8,37.3,37.4,53.0,1834,607,57.7,62.1,20.9,no
145,27.0,37.1,39.0,51.4,1833,607,57.9,61.9,21.5,no
146,26.5,37.7,38.1,55.5,1861,613,58.0,62.4,21.3,no
147,26.6,37.6,39.0,55.7,1831,609,58.4,61.4,21.8,no
148,26.7,37.5,36.8,52.6,1834,626,57.5,61.8,21.3,no
149,26.7,37.5,37.8,53.6,1880,605,57.4,61.5,21.4,no
150,26.6,37.6,38.9,52.3,1840,603,57.7,62.2,20.9,no
151,26.6,37.6,35.8,52.6,1866,619,58.3,61.8,21.9,no
152,26.7,37.5,37.4,52.5,1861,615,57.5,61.6,20.9,no
153,26.7,37.5,37.3,51.0,1821,612,57.1,62.3,20.6,no
154,27.1,36.8,38.9,52.6,1844,608,58.4,62.2,20.5,no
155,26.4,37.8,39.1,55.7,1870,608,58.7,62.3,21.5,no
156,26.5,37.7,37.2,54.3,1851,603,57.3,61.8,20.6,no
157,26.6,37.6,39.6,55.6,1870,608,58.1,62.1,20.5,no
158,27.0,37.0,38.5,51.3,1851,607,58.0,62.4,22.1,no
159,26.6,37.6,36.3,53.5,1870,610,57.7,62.5,21.8,no
160,26.6,37.6,36.6,55.5,1838,609,57.9,61.4,21.4,no
161,26.9,37.1,39.0,51.4,1864,616,58.6,61.9,22.0,no
162,26.5,37.7,36.3,54.2,1874,601,58.2,61.5,21.1,no
163,26.9,37.2,38.8,53.4,1837,606,57.8,62.3,20.6,no
164,26.4,37.8,39.2,55.1,1861,612,58.7,62.4,21.1,no
165,26.4,37.8,38.5,52.4,1855,619,58.0,61.8,20.2,no
166,26.5,37.7,37.2,52.5,1841,613,57.6,62.2,20.4,no
167,27.0,37.1,36.7,53.6,1832,611,57.7,61.9,21.5,no
168,26.6,37.6,39.0,51.6,1835,633,57.7,62.1,20.8,no
169,26.2,38.1,36.9,54.3,1842,613,58.0,62.6,21.1,no
170,26.3,38.0,37.6,53.7,1840,615,58.0,61.7,22.0,no
171,27.4,36.5,38.5,54.7,1871,613,57.9,62.1,21.9,no
172,26.7,37.5,36.3,51.4,1855,610,58.7,61.7,23.0,no
173,26.6,37.6,38.0,52.9,1827,617,58.4,62.5,21.7,no
174,26.5,37.7,38.6,53.9,1832,617,57.9,61.5,21.5,no
175,26.8,37.4,37.1,54.7,1867,599,57.8,62.1,21.5,no
176,26.4,37.9,39.2,53.1,1862,612,57.5,62.2,21.4,no
177,26.8,37.3,37.9,54.9,1850,614,57.5,61.9,21.1,no
178,27.0,37.1,36.9,53.3,1813,597,58.0,62.1,21.7,no
179,26.8,37.3,37.4,50.4,1822,613,57.9,62.1,20.5,no
180,26.5,37.7,38.8,55.4,1858,599,57.5,61.5,22.2,no
181,27.0,37.1,37.7,48.5,1855,617,58.9,62.2,21.4,no
182,27.0,37.1,37.2,53.9,1840,612,57.6,62.5,21.2,no
183,26.5,37.7,37.8,54.7,1833,622,58.3,61.8,21.7,no
184,27.4,36.5,36.7,50.8,1848,597,58.0,61.8,21.3,no
185,27.0,37.1,38.8,50.9,1864,622,57.8,62.5,21.2,no
186,26.8,37.3,37.6,56.6,1839,617,58.3,62.0,21.4,no
187,26.4,37.9,39.3,54.3,1876,602,57.6,61.1,21.7,no
188,26.7,37.4,37.3,51.1,1864,624,57.7,62.3,21.1,no
189,27.0,37.0,39.0,51.3,1874,602,57.6,61.8,20.0,no
190,26.7,37.4,38.9,52.9,1830,611,57.6,62.3,21.6,no
191,27.7,36.1,36.9,54.0,1891,608,57.8,62.0,22.0,no
192,26.5,37.7,38.4,52.7,1866,622,58.2,61.7,20.9,no
193,27.3,36.6,36.6,53.5,1829,619,58.5,61.7,21.0,no
194,26.6,37.6,39.6,51.2,1876,621,58.5,62.1,21.6,no
195,27.1,36.9,37.7,50.5,1859,617,58.6,62.0,21.0,no
196,26.7,37.5,40.0,51.3,1847,623,57.4,62.2,21.1,no
197,26.7,37.5,38.2,53.7,1894,620,57.2,62.4,20.5,no
198,26.6,37.5,36.6,55.3,1877,606,57.5,62.8,21.6,no
199,26.7,37.4,38.0,52.1,1849,608,57.8,62.5,22.2,no
200,26.6,37.6,37.1,50.4,1827,605,57.4,61.5,21.2,no
201,26.7,37.5,38.9,51.1,1833,605,57.6,61.4,21.3,no
202,27.1,36.8,37.1,52.5,1895,607,57.3,62.1,21.3,no
203,26.6,37.5,39.8,52.1,1859,603,58.2,62.5,21.4,no
204,26.8,37.3,39.2,52.3,1850,616,57.6,62.4,20.1,no
205,26.8,37.4,40.4,53.0,1860,617,57.6,62.4,21.8,no
206,26.6,37.6,37.9,51.2,1844,605,58.0,61.5,21.8,no
207,26.8,37.4,38.3,52.7,1844,620,58.3,61.9,21.4,no
208,27.3,36.6,39.0,50.2,1835,606,57.2,61.8,21.3,no
209,26.8,37.3,37.8,52.4,1865,606,57.8,61.9,20.3,no
210,27.2,36.7,37.8,54.5,1900,607,57.9,61.8,21.3,no
211,26.7,37.5,38.0,52.5,1840,624,58.2,62.5,20.8,no
212,26.6,37.6,39.5,52.0,1855,603,57.6,61.7,21.7,no
213,26.3,38.0,37.6,50.7,1836,611,57.6,62.6,22.9,no
214,26.9,37.2,36.2,53.7,1871,603,58.5,61.9,22.3,no
215,26.8,37.4,37.1,50.9,1859,591,58.1,61.3,21.2,no
216,26.9,37.2,37.7,52.8,1833,604,58.1,61.8,21.1,no
217,26.6,37.6,39.1,50.8,1853,618,58.4,62.5,21.2,no
218,26.2,38.1,39.6,52.0,1845,611,58.2,62.2,20.7,no
219,27.0,37.1,36.1,53.3,1887,620,57.8,62.3,21.2,no
220,27.0,37.0,41.2,53.6,1844,607,58.0,62.5,20.6,no
221,26.8,37.3,37.1,55.4,1879,615,57.8,62.3,21.8,no
222,26.8,37.4,37.4,55.6,1836,608,58.7,61.9,21.6,no
223,26.8,37.3,38.1,52.0,1835,610,57.7,62.1,21.8,no
224,27.4,36.5,39.8,53.1,1842,610,57.6,61.6,21.0,no
225,27.1,36.8,37.9,53.0,1858,619,58.0,61.8,21.1,no
226,27.4,36.5,40.9,54.2,1875,596,58.3,61.7,20.9,no
227,26.9,37.2,35.2,52.4,1847,614,57.6,61.8,22.1,no
228,26.6,37.6,38.8,51.6,1844,615,59.2,61.3,21.1,no
229,26.1,38.3,40.1,56.3,1835,626,58.5,62.0,20.7,no
230,26.9,37.1,38.2,52.0,1846,603,58.7,61.7,23.0,no
231,26.6,37.6,36.5,53.5,1855,606,58.3,62.6,21.5,no
232,26.7,37.4,38.9,54.9,1821,622,58.2,61.6,20.9,no
233,26.7,37.5,35.0,53.1,1864,609,58.0,62.3,21.6,no
234,26.9,37.2,38.7,53.9,1853,623,57.9,61.9,22.2,no
235,27.0,37.0,37.5,54.1,1834,621,57.9,62.2,21.7,no
236,26.9,37.2,38.8,51.4,1859,615,58.0,61.5,21.0,no
237,27.1,36.9,37.6,53.4,1841,609,58.0,62.7,21.4,no
238,27.2,36.8,37.9,51.0,1862,621,58.5,62.2,21.6,no
239,26.6,37.6,38.8,54.5,1850,608,58.1,62.5,21.7,no
240,26.6,37.6,36.2,53.8,1850,603,58.4,62.2,20.7,no
241,27.2,36.8,39.5,57.4,1828,611,58.4,62.1,22.0,no
242,26.6,37.5,34.7,53.4,1850,613,57.4,62.4,21.2,no
243,26.9,37.1,39.3,51.4,1851,619,58.6,61.4,20.8,no
244,26.9,37.1,37.7,50.6,1838,607,58.2,62.4,20.7,no
245,26.7,37.4,37.6,50.3,1854,618,57.8,61.6,21.3,no
246,26.7,37.4,36.8,53.6,1893,608,58.0,61.8,21.9,no
247,26.7,37.5,36.9,51.1,1853,617,58.1,62.1,20.1,no
248,26.3,38.0,38.5,54.7,1859,607,58.2,62.8,21.6,no
249,26.9,37.2,38.9,52.5,1836,611,57.5,61.7,22.4,no
250,26.5,37.8,36.2,55.4,1866,613,58.9,62.4,22.0,no
251,27.0,37.1,37.0,53.3,1853,590,58.6,61.8,20.8,no
252,26.9,37.2,39.8,52.3,1873,602,57.2,62.1,21.5,no
253,26.5,37.7,38.8,53.0,1833,592,57.8,61.9,20.0,no
254,27.1,36.9,39.8,52.7,1845,614,58.0,61.7,20.2,no
255,27.2,36.8,38.3,50.0,1880,617,57.9,61.5,20.6,no
256,27.1,36.9,38.0,54.7,1856,630,58.2,62.0,22.6,no
257,26.7,37.4,39.0,51.6,1890,617,57.3,61.8,22.1,no
258,26.9,37.2,38.4,50.2,1850,602,58.9,62.7,21.7,no
259,26.5,37.7,40.8,52.8,1863,603,58.0,62.2,21.0,no
260,27.0,37.0,38.0,50.8,1865,616,57.4,62.5,21.0,no
261,26.8,37.3,39.9,54.3,1809,621,57.7,61.6,20.9,no
262,26.5,37.7,38.1,53.4,1854,594,57.4,61.9,22.1,no
263,26.4,38.0,39.9,53.3,1825,605,57.3,62.4,20.1,no
264,26.4,37.9,38.1,51.3,1869,604,57.7,61.5,21.3,no
265,26.4,37.9,38.2,55.7,1853,621,57.8,63.1,21.3,no
266,27.0,37.1,39.4,53.7,1847,615,58.2,62.1,20.3,no
267,26.6,37.5,37.9,54.1,1862,605,57.6,62.3,20.9,no
268,27.0,37.1,39.0,51.6,1822,603,58.0,61.8,20.2,no
269,26.7,37.5,37.0,50.3,1870,616,57.4,62.3,21.3,no
270,26.5,37.8,38.1,52.5,1855,617,58.6,61.4,21.7,no
271,26.2,38.2,40.8,51.5,1838,620,58.9,62.2,21.9,no
272,27.2,36.8,40.3,53.2,1834,610,58.2,62.1,20.8,no
273,27.2,36.7,36.6,52.7,1878,605,58.8,62.9,22.1,no
274,26.6,37.5,37.7,54.4,1865,597,57.6,62.6,21.3,no
275,26.7,37.4,37.5,54.5,1900,608,57.6,62.0,21.2,no
276,26.9,37.1,38.3,53.8,1864,621,58.2,61.4,20.5,no
277,26.8,37.3,39.1,52.5,1836,611,58.0,62.0,20.5,no
278,26.8,37.4,38.2,54.4,1870,615,57.6,61.9,21.6,no
279,26.4,37.9,39.3,55.8,1867,608,57.9,62.4,21.7,no
280,26.1,38.3,39.3,52.4,1847,607,57.8,62.1,20.4,no
281,26.5,37.8,39.7,53.0,1861,603,58.3,62.1,21.5,no
282,26.9,37.2,36.5,51.0,1861,617,58.3,61.9,21.1,no
283,26.9,37.2,40.6,51.4,1819,618,58.2,62.0,21.8,no
284,26.7,37.5,38.1,51.0,1841,632,57.8,62.6,21.8,no
285,26.7,37.4,37.2,51.4,1835,615,58.4,62.3,21.9,no
286,26.9,37.2,39.8,52.4,1846,620,57.9,61.6,20.6,no
287,26.5,37.7,36.4,51.7,1863,604,57.8,61.8,20.3,no
288,26.7,37.4,37.1,55.0,1850,621,57.6,62.3,21.1,no
289,27.2,36.7,39.0,55.2,1881,601,57.4,61.9,21.0,no
290,26.9,37.2,39.2,51.0,1847,610,58.6,61.9,20.8,no
291,26.4,37.8,37.2,51.3,1852,618,57.5,62.0,21.2,no
292,27.0,37.0,38.1,53.7,1828,613,57.6,62.0,21.5,no
293,27.4,36.5,38.2,52.0,1880,626,58.2,62.3,22.1,no
294,27.1,36.9,37.4,53.3,1862,600,57.9,62.3,21.4,no
295,26.5,37.7,38.6,53.4,1842,609,58.3,62.0,20.6,no
296,27.4,36.5,38.1,52.7,1870,612,58.2,62.5,20.7,no
297,26.9,37.2,35.8,53.0,1842,605,57.9,61.7,21.0,no
298,26.6,37.6,40.4,52.8,1843,615,57.8,62.4,21.4,no
299,27.1,36.8,36.6,54.2,1837,602,57.7,61.8,21.2,no
300,26.6,37.6,38.7,53.9,1875,608,58.2,62.1,20.4,no
301,26.6,37.7,39.6,53.8,1850,603,58.3,62.3,22.1,no
302,26.9,37.2,39.2,52.4,1851,622,57.8,62.0,20.5,no
303,26.5,37.8,38.0,51.2,1852,616,58.4,61.1,21.5,no
304,26.9,37.2,37.0,53.1,1834,616,58.1,62.0,20.7,no
305,26.8,37.3,37.8,52.3,1869,616,58.0,61.3,22.0,no
306,26.4,37.9,36.5,52.6,1836,615,58.1,61.9,22.0,no
307,26.6,37.6,38.3,51.7,1825,618,57.5,63.5,21.3,no
308,26.6,37.6,37.4,51.8,1850,625,58.1,62.7,20.7,no
309,26.8,37.3,38.4,54.3,1860,614,58.1,62.3,20.5,no
310,26.8,37.3,35.3,55.7,1877,606,57.9,62.3,22.0,no
311,26.8,37.3,37.5,53.5,1844,625,59.1,61.4,21.1,no
312,26.6,37.6,38.1,51.0,1819,608,58.0,61.4,21.0,no
313,26.8,37.4,37.9,51.8,1859,601,58.1,61.9,21.9,no
314,26.5,37.8,36.1,52.7,1847,618,58.7,62.0,21.1,no
315,27.2,36.8,38.4,52.1,1857,610,57.7,61.9,21.5,no
316,26.8,37.3,39.5,51.7,1872,606,57.6,61.8,22.4,no
317,26.6,37.6,38.0,52.9,1832,613,58.6,62.6,21.4,no
318,26.6,37.7,37.6,54.1,1843,610,57.9,61.8,21.2,no
319,26.9,37.2,39.7,52.2,1880,600,58.2,62.3,20.9,no
320,26.7,37.5,39.8,53.3,1851,611,57.8,62.0,22.2,no
321,26.3,38.0,38.5,54.3,1803,621,57.8,62.1,21.4,no
322,26.8,37.4,37.4,53.0,1886,605,58.4,62.5,21.0,no
323,26.6,37.6,36.3,52.6,1851,610,57.7,61.7,21.3,no
324,26.6,37.6,36.4,53.0,1819,605,58.2,62.1,21.8,no
325,27.3,36.6,37.5,51.1,1861,610,58.0,62.2,22.3,no
326,27.1,36.9,37.8,51.2,1819,606,57.8,61.7,20.6,no
327,26.7,37.4,38.9,54.3,1864,628,58.4,61.9,20.8,no
328,27.0,37.0,36.8,54.2,1844,635,58.2,61.9,20.9,no
329,27.0,37.0,38.4,54.1,1807,613,58.0,61.9,22.0,no
330,26.6,37.5,38.9,51.0,1831,614,57.7,61.7,21.4,no
331,26.4,37.8,40.1,53.8,1842,607,57.8,62.4,21.7,no
332,27.0,37.0,36.2,52.2,1826,601,57.9,61.9,21.2,no
333,26.7,37.5,39.8,52.1,1861,619,57.5,62.2,21.1,no
334,26.7,37.4,37.7,50.4,1824,608,58.5,62.8,21.0,no
335,26.8,37.4,37.7,53.0,1874,621,57.9,62.8,20.9,no
336,26.7,37.5,38.3,51.6,1863,623,57.9,61.9,20.9,no
337,27.1,36.9,37.1,52.8,1862,607,58.4,62.3,21.3,no
338,26.8,37.3,40.2,55.0,1841,615,57.6,62.1,21.3,no
339,26.5,37.7,39.0,50.9,1836,623,57.7,62.2,20.7,no
340,26.8,37.4,34.8,54.4,1867,605,58.2,61.9,21.5,no
341,26.6,37.5,38.0,52.8,1855,605,58.2,61.7,21.2,no
342,26.6,37.6,38.1,50.4,1875,608,57.5,62.1,22.0,no
343,26.5,37.7,39.1,53.1,1838,612,58.4,62.0,22.5,no
344,26.4,37.8,37.4,52.9,1851,612,57.6,61.4,20.3,no
345,26.9,37.1,39.5,55.8,1852,609,58.6,62.0,21.2,no
346,26.5,37.8,38.4,53.7,1835,609,58.2,62.0,20.9,no
347,26.7,37.5,39.0,52.9,1844,604,58.3,61.9,21.1,no
348,26.6,37.6,40.0,53.8,1836,611,58.0,62.2,20.4,no
349,26.9,37.2,37.8,54.0,1869,616,57.6,62.3,21.1,no
350,26.8,37.3,37.7,52.9,1859,615,57.7,61.3,21.7,no
351,26.6,37.6,37.2,52.5,1859,617,57.7,62.4,20.8,no
352,26.7,37.5,38.5,50.4,1863,604,58.0,61.7,21.3,no
353,26.7,37.4,39.2,51.5,1807,623,58.5,62.5,21.4,no
354,27.0,37.1,37.3,54.3,1884,611,58.1,62.0,20.7,no
355,26.3,38.0,39.4,54.0,1837,615,58.4,62.1,22.2,no
356,26.6,37.6,38.9,53.5,1857,623,58.1,62.2,20.8,no
357,26.7,37.5,37.9,52.5,1842,607,57.9,62.4,21.2,no
358,26.8,37.4,36.0,53.9,1887,617,57.4,61.9,21.6,no
359,26.2,38.1,38.0,51.5,1869,605,57.1,62.1,21.2,no
360,26.6,37.5,37.9,54.8,1889,615,58.0,61.9,21.8,no
361,26.6,37.6,35.5,54.4,1850,615,57.8,61.7,19.5,no
362,25.9,38.7,36.0,54.5,1886,614,58.1,61.6,22.0,no
363,26.6,37.6,35.2,51.9,1825,616,58.1,62.0,22.0,no
364,27.1,36.9,39.3,52.4,1900,621,58.3,61.7,21.0,no
365,26.6,37.6,38.6,53.2,1873,613,58.9,62.0,21.5,no
366,26.9,37.2,37.0,55.2,1838,615,58.5,62.1,20.0,no
367,26.4,37.9,38.6,54.0,1847,619,58.4,61.9,20.3,no
368,26.6,37.6,40.8,54.8,1841,625,58.6,61.9,21.6,no
369,27.0,37.1,39.7,52.2,1839,613,57.8,61.9,20.0,no
370,26.4,37.9,37.9,53.4,1838,630,57.0,62.8,22.0,no
371,27.3,36.7,39.5,54.6,1849,617,57.1,61.6,20.5,no
372,26.7,37.5,36.1,51.0,1884,620,58.5,62.3,23.0,no
373,27.0,37.1,38.0,54.5,1858,612,58.0,62.2,21.5,no
374,26.8,37.3,38.8,54.4,1838,618,57.6,62.3,19.7,no
375,26.5,37.8,39.0,52.6,1842,610,58.7,62.3,20.6,no
376,26.6,37.5,37.7,53.5,1867,615,57.9,61.5,21.2,no
377,27.1,36.9,37.6,53.7,1852,610,58.2,61.9,20.8,no
378,26.6,37.6,39.0,52.9,1877,616,57.9,61.4,21.5,no
379,26.7,37.4,38.4,51.9,1836,598,58.2,62.3,21.5,no
380,26.9,37.1,39.1,55.5,1855,612,58.2,62.3,20.6,no
381,26.8,37.3,40.3,54.2,1853,600,58.4,62.3,21.9,no
382,27.0,37.1,38.8,55.3,1872,611,58.0,62.3,21.8,no
383,26.8,37.3,37.2,50.3,1870,606,58.5,61.9,21.1,no
384,26.6,37.6,38.1,52.4,1844,596,57.2,62.1,20.7,no
385,26.4,37.9,37.6,52.4,1851,594,58.2,61.4,20.8,no
386,26.7,37.4,39.7,49.0,1847,633,58.1,61.8,20.9,no
387,27.7,36.1,37.8,53.5,1827,601,58.0,62.9,22.1,no
388,27.0,37.1,36.4,53.5,1864,609,57.2,62.2,21.7,no
389,27.0,37.0,37.0,56.2,1857,608,57.4,61.6,21.2,no
390,26.9,37.2,38.9,51.7,1873,609,57.8,62.3,21.2,no
391,26.8,37.3,38.6,56.1,1861,611,57.5,61.6,21.2,no
392,26.8,37.3,37.1,53.5,1811,611,58.1,62.0,21.7,no
393,26.8,37.3,37.8,54.6,1844,610,58.1,61.8,22.0,no
394,26.6,37.5,36.2,54.1,1864,602,58.1,62.3,20.9,no
395,26.7,37.4,38.0,52.2,1832,616,58.2,62.3,20.1,no
396,26.4,37.9,39.3,53.0,1854,617,58.4,61.3,20.3,no
397,26.4,37.9,38.2,53.3,1885,609,57.4,62.0,20.8,no
398,27.0,37.0,40.2,54.6,1884,619,57.7,61.8,21.9,no
399,26.7,37.4,37.5,55.9,1869,610,58.3,62.4,20.4,no
400,27.0,37.0,37.8,53.0,1870,611,58.7,62.1,20.6,no
401,26.4,37.9,40.9,51.7,1850,611,58.0,62.7,20.8,no
402,26.9,37.1,36.0,51.8,1863,606,58.0,62.4,20.8,no
403,26.8,37.3,36.7,51.8,1850,600,58.2,61.7,21.5,no
404,26.8,37.3,39.9,52.8,1872,633,57.5,61.4,21.6,no
405,26.6,37.7,36.5,53.7,1876,620,58.6,61.6,21.0,no
406,27.0,37.1,38.6,51.7,1826,609,58.3,62.0,20.5,no
407,26.3,38.0,37.5,50.4,1846,607,58.0,61.7,21.5,no
408,26.4,37.9,38.5,53.3,1850,596,58.4,61.3,20.8,no
409,26.6,37.6,38.4,52.7,1823,616,58.2,62.6,21.6,no
410,27.0,37.0,40.3,52.2,1881,607,57.8,62.3,22.1,no
411,27.3,36.6,38.0,50.0,1830,595,58.8,62.4,21.5,no
412,26.9,37.2,38.8,51.4,1863,626,58.2,62.2,21.6,no
413,26.5,37.8,37.5,52.4,1878,606,58.1,61.5,20.9,no
414,26.8,37.4,38.1,50.5,1882,610,58.3,62.6,21.3,no
415,26.4,37.9,38.2,54.0,1838,606,58.4,61.9,21.7,no
416,26.8,37.4,37.4,52.2,1882,605,58.2,62.6,21.4,no
417,26.8,37.3,37.1,53.6,1864,617,57.8,61.9,20.8,no
418,26.9,37.2,40.2,51.2,1842,606,59.0,61.1,22.2,no
419,26.9,37.2,37.4,52.9,1839,628,57.8,62.2,21.6,no
420,26.8,37.3,37.4,53.8,1867,615,57.9,61.9,20.5,no
421,26.8,37.3,36.8,52.4,1851,623,58.0,61.9,21.3,no
422,27.0,37.0,39.7,52.3,1853,607,57.8,61.5,21.8,no
423,26.9,37.2,37.4,52.9,1845,608,58.1,61.8,20.9,no
424,26.6,37.5,39.8,53.7,1863,613,58.0,62.5,21.5,no
425,26.8,37.4,38.0,55.2,1852,606,58.3,61.9,21.5,no
426,26.3,38.0,37.5,52.9,1843,609,58.4,62.3,20.7,no
427,26.7,37.4,38.3,53.2,1850,618,57.8,62.0,21.7,no
428,26.9,37.2,38.7,55.8,1879,606,58.6,62.4,22.3,no
429,26.8,37.3,39.2,55.3,1867,606,57.4,61.4,21.0,no
430,26.6,37.6,36.3,53.7,1848,618,57.4,62.5,21.9,no
431,26.7,37.5,38.8,51.3,1846,611,58.2,61.9,21.0,no
432,26.6,37.6,35.9,51.9,1867,615,57.9,62.1,20.4,no
433,26.6,37.6,39.0,52.9,1847,615,57.9,62.1,21.2,no
434,26.9,37.2,37.0,52.3,1828,613,57.0,61.6,20.4,no
435,27.2,36.8,36.9,52.3,1866,621,58.0,62.4,21.2,no
436,26.5,37.7,36.1,54.7,1851,614,57.9,61.8,20.6,no
437,26.7,37.5,39.7,53.4,1852,606,58.1,62.0,21.1,no
438,26.9,37.2,38.2,52.3,1860,598,57.3,62.3,21.6,no
439,27.2,36.8,38.9,54.7,1863,618,58.0,62.0,21.3,no
440,26.9,37.2,38.3,52.7,1851,606,57.5,61.1,21.0,no
441,26.7,37.5,37.4,52.8,1842,601,57.4,62.1,22.0,no
442,26.7,37.4,37.7,50.7,1880,603,58.3,61.9,20.9,no
443,26.6,37.6,37.5,52.3,1874,620,58.0,61.8,21.4,no
444,26.5,37.8,39.4,50.1,1860,598,58.0,61.8,21.0,no
445,26.5,37.7,39.1,54.2,1832,613,57.5,61.2,20.6,no
446,26.8,37.3,37.6,53.8,1838,626,57.5,62.1,21.3,no
447,27.2,36.8,38.0,51.5,1864,617,57.3,61.5,20.8,no
448,26.1,38.3,38.2,52.2,1837,612,59.0,61.8,21.1,no
449,27.1,36.9,35.3,52.2,1836,611,57.8,61.2,21.8,no
450,26.9,37.2,37.8,55.2,1841,607,57.7,62.5,21.0,no
451,26.4,37.9,38.2,51.1,1837,609,58.3,62.2,21.1,no
452,26.9,37.2,36.6,53.7,1817,611,57.8,62.8,20.8,no
453,26.6,37.6,38.9,52.7,1841,609,58.0,61.8,21.4,no
454,26.5,37.7,39.4,55.4,1880,608,58.7,62.1,20.5,no
455,26.8,37.3,37.1,53.4,1828,611,58.1,62.7,20.1,no
456,27.1,36.9,37.9,52.8,1881,596,58.3,61.9,20.1,no
457,26.7,37.4,36.3,52.4,1816,615,58.4,61.2,22.1,no
458,26.7,37.4,39.6,54.0,1833,600,58.3,61.9,20.5,no
459,26.7,37.5,39.2,54.4,1850,604,57.5,62.2,21.6,no
460,26.7,37.4,38.9,56.3,1841,610,58.2,62.3,21.8,no
461,27.1,37.0,38.8,52.6,1853,601,57.6,62.5,20.7,no
462,26.7,37.5,38.8,53.2,1851,603,57.8,62.0,21.5,no
463,26.9,37.2,35.0,54.9,1881,614,56.7,61.7,21.8,no
464,26.3,38.0,37.5,55.2,1865,595,57.6,61.6,21.3,no
465,27.0,37.0,36.8,55.4,1845,619,57.7,61.9,22.5,no
466,27.1,36.9,37.7,49.4,1853,609,58.2,61.8,22.1,no
467,26.4,37.9,35.6,53.4,1851,611,58.5,62.2,22.6,no
468,26.9,37.2,35.7,50.8,1845,599,58.7,61.9,21.4,no
469,26.7,37.4,36.5,53.5,1856,605,58.1,62.1,21.0,no
470,26.9,37.1,38.2,55.2,1869,611,57.7,61.7,21.1,no
471,27.1,36.8,39.2,56.1,1831,602,57.5,61.7,21.1,no
472,26.3,38.0,39.1,51.3,1859,610,58.0,61.6,22.0,no
473,27.1,36.9,37.8,53.8,1865,617,58.1,61.5,21.4,no
474,27.0,37.0,37.5,51.2,1824,615,57.3,62.7,20.1,no
475,26.7,37.4,35.4,53.0,1839,603,58.3,61.9,21.3,no
476,26.9,37.2,37.3,53.5,1834,606,58.1,62.2,21.8,no
477,26.5,37.7,38.4,51.2,1823,621,59.2,61.5,22.3,no
478,26.8,37.4,39.3,54.5,1868,622,57.6,62.0,21.5,no
479,26.4,37.8,39.5,52.3,1842,617,57.5,62.2,21.8,no
480,27.0,37.1,39.9,53.4,1869,608,58.3,62.0,21.1,no
481,27.3,36.7,38.8,52.2,1873,620,58.3,61.7,21.7,no
482,26.9,37.2,37.8,51.9,1830,599,58.1,61.8,21.2,no
483,26.7,37.5,37.4,51.7,1853,613,57.9,62.0,21.1,no
484,27.3,36.7,36.9,53.2,1844,602,58.5,62.0,20.6,no
485,26.7,37.5,38.9,51.6,1837,611,57.5,62.1,22.3,no
486,27.0,37.0,38.2,52.1,1828,615,58.2,62.4,20.3,no
487,26.3,38.0,39.4,53.3,1846,624,57.6,62.0,21.0,no
488,26.5,37.8,38.3,51.4,1855,617,58.3,61.8,21.5,no
489,26.0,38.5,37.2,53.6,1877,606,57.3,61.9,21.8,no
490,26.9,37.2,37.9,51.6,1837,607,57.6,61.4,21.2,no
491,26.5,37.8,37.1,51.6,1880,602,57.5,62.0,20.9,no
492,26.6,37.6,39.5,51.5,1864,622,58.1,62.2,21.6,no
493,26.6,37.6,38.7,53.2,1825,616,57.5,62.1,21.6,no
494,26.7,37.4,38.4,54.9,1858,622,58.3,62.5,21.2,no
495,26.5,37.7,38.2,55.4,1893,620,57.6,61.7,21.5,no
496,26.9,37.2,40.0,54.4,1862,619,58.8,62.0,20.9,no
497,27.2,36.8,36.9,52.8,1841,614,57.8,61.7,20.7,no
498,27.1,36.9,36.9,54.1,1869,612,58.2,62.2,21.5,no
499,26.9,37.2,36.6,53.4,1863,619,57.9,61.9,21.5,no
500,26.5,37.7,36.3,53.3,1869,619,58.4,61.2,21.8,no
501,27.0,37.0,36.9,53.4,1857,621,58.1,62.7,21.2,no
502,27.1,36.8,38.1,51.9,1824,612,58.2,62.1,20.8,no
503,26.6,37.6,36.5,53.5,1839,617,58.2,62.6,20.9,no
504,26.7,37.4,39.4,54.2,1829,605,57.8,62.3,21.3,no
505,26.8,37.4,36.8,53.0,1859,605,57.9,62.6,22.5,no
506,26.7,37.5,39.6,51.7,1868,605,58.0,62.3,20.6,no
507,26.8,37.3,38.7,53.5,1826,604,57.4,62.2,20.1,no
508,27.0,37.1,38.0,53.2,1843,600,57.9,61.8,21.6,no
509,26.6,37.6,38.2,53.4,1843,619,58.3,62.1,21.5,no
510,27.4,36.5,37.3,55.6,1837,604,57.9,61.5,22.5,no
511,26.9,37.1,38.3,55.0,1877,615,58.1,61.7,20.8,no
512,26.9,37.1,41.4,55.8,1856,613,58.0,62.0,21.3,no
513,26.7,37.5,38.2,53.6,1866,603,57.4,61.9,20.7,no
514,26.9,37.2,37.5,52.2,1843,618,58.3,61.9,22.4,no
515,26.4,37.9,40.8,52.0,1870,611,58.1,62.1,21.0,no
516,26.5,37.7,37.7,54.9,1828,622,57.5,61.7,19.9,no
517,26.7,37.5,38.1,53.7,1847,620,57.5,62.1,20.3,no
518,26.4,37.9,37.6,54.7,1851,624,58.0,62.3,21.7,no
519,26.2,38.2,39.3,56.1,1859,612,57.7,61.3,21.4,no
520,27.0,37.0,37.2,54.5,1843,616,58.6,61.8,21.4,no
521,26.6,37.6,37.5,52.4,1843,615,58.1,62.3,22.2,no
522,26.2,38.1,37.9,52.6,1828,606,57.5,61.6,22.1,no
523,27.1,36.8,38.2,48.7,1854,588,58.6,61.5,21.4,no
524,26.5,37.7,38.2,51.1,1875,613,58.7,62.2,21.1,no
525,27.0,37.0,38.5,50.8,1841,610,58.6,61.9,21.3,no
526,26.5,37.7,37.7,51.9,1844,605,57.8,61.8,21.3,no
527,27.1,36.9,39.7,51.0,1867,605,58.2,62.6,21.4,no
528,26.8,37.4,38.9,52.9,1869,619,58.0,62.2,21.7,no
529,27.0,37.0,39.3,53.8,1888,624,58.4,62.6,21.5,no
530,26.2,38.2,37.4,51.2,1848,599,58.1,61.7,21.3,no
531,27.1,36.9,38.3,51.7,1864,625,57.4,62.1,21.8,no
532,27.0,37.1,35.7,55.6,1846,617,58.2,62.0,21.9,no
533,26.6,37.6,36.8,52.2,1843,609,58.1,61.6,22.0,no
534,26.8,37.3,39.9,54.3,1862,607,57.8,61.8,20.0,no
535,27.0,37.1,39.0,53.2,1836,597,58.2,62.1,22.0,no
536,26.8,37.3,39.2,51.7,1840,608,57.3,62.3,21.8,no
537,26.5,37.8,37.3,55.2,1855,612,57.9,61.4,21.2,no
538,26.6,37.6,38.2,54.5,1855,614,58.4,61.7,21.5,no
539,26.7,37.4,38.8,52.6,1862,611,57.5,61.3,21.1,no
540,26.8,37.3,37.2,53.9,1877,622,58.6,62.1,22.1,no
541,27.5,36.3,37.3,52.7,1848,605,57.0,62.4,21.5,no
542,27.1,36.9,39.0,52.5,1834,605,57.4,61.9,20.8,no
543,27.2,36.7,38.0,55.8,1858,604,58.0,62.3,21.0,no
544,26.6,37.6,38.0,52.8,1852,610,58.9,61.5,20.9,no
545,27.0,37.1,37.6,51.6,1854,612,57.7,62.3,21.5,no
546,26.5,37.7,40.0,53.2,1863,605,58.0,62.4,22.1,no
547,26.3,38.0,39.2,50.5,1838,609,58.0,61.3,20.7,no
548,26.6,37.5,38.2,53.1,1833,604,57.9,62.6,21.8,no
549,26.4,37.9,37.1,52.8,1859,613,57.9,62.6,21.5,no
550,26.5,37.7,38.5,50.4,1865,608,58.4,60.7,21.9,no
551,27.0,37.0,38.1,52.0,1850,614,58.0,61.8,22.3,no
552,26.5,37.8,36.7,53.2,1843,613,58.0,61.7,20.4,no
553,26.7,37.4,38.3,50.8,1859,598,56.9,61.8,21.1,no
554,26.8,37.3,39.7,53.0,1848,610,58.4,61.8,21.8,no
555,26.6,37.7,38.6,52.6,1842,615,58.4,62.4,22.5,no
556,26.8,37.4,38.3,51.0,1849,612,58.7,62.2,21.6,no
557,26.8,37.3,38.0,55.1,1858,613,57.3,61.4,21.5,no
558,26.4,37.9,37.8,55.6,1821,607,58.2,62.2,21.6,no
559,26.7,37.4,39.9,55.1,1856,607,57.9,61.7,20.2,no
560,27.0,37.0,39.6,51.6,1878,608,58.1,62.2,21.4,no
561,26.8,37.3,38.9,52.7,1840,620,58.2,62.1,22.4,no
562,26.7,37.4,36.4,54.6,1838,606,58.0,62.1,21.3,no
563,26.7,37.4,38.0,51.1,1833,606,57.6,62.3,22.3,no
564,26.9,37.1,37.5,53.4,1845,609,57.9,62.0,21.0,no
565,26.6,37.6,36.8,52.0,1852,608,57.3,61.7,21.0,no
566,26.8,37.3,39.3,53.4,1870,604,58.8,62.4,20.9,no
567,26.6,37.5,38.6,51.8,1845,612,57.1,61.7,21.1,no
568,26.9,37.2,37.0,56.6,1857,611,58.3,62.1,20.2,no
569,26.4,37.9,37.5,52.3,1849,606,57.7,62.0,21.9,no
570,26.7,37.4,35.9,51.4,1867,620,57.7,62.3,20.7,no
571,26.6,37.5,38.4,51.7,1861,606,58.8,63.2,21.6,no
572,27.1,36.9,36.4,52.7,1867,608,58.0,61.6,23.0,no
573,26.9,37.1,38.4,51.6,1811,613,58.0,63.0,21.1,no
574,26.9,37.2,38.8,52.7,1839,604,58.3,62.0,19.6,no
575,26.7,37.5,37.1,49.8,1827,617,57.9,62.5,21.2,no
576,26.7,37.5,40.2,53.3,1859,609,57.6,62.4,21.4,no
577,26.5,37.7,40.0,54.3,1837,623,57.9,61.3,21.6,no
578,26.9,37.2,37.8,52.5,1838,620,57.8,62.6,20.6,no
579,26.3,38.0,37.4,53.7,1879,603,57.3,62.4,21.7,no
580,27.0,37.1,38.4,54.8,1854,625,57.7,62.2,20.6,no
581,26.5,37.7,38.5,51.1,1857,612,58.0,61.6,21.9,no
582,26.9,37.1,37.8,52.6,1869,610,58.1,62.1,21.3,no
583,26.8,37.3,37.5,51.4,1851,598,58.1,62.2,21.4,no
584,26.8,37.2,37.0,53.2,1832,602,58.0,62.2,21.0,no
585,26.6,37.6,37.9,52.7,1835,608,57.8,62.3,21.2,no
586,27.0,37.0,38.6,55.7,1815,593,57.8,62.1,23.0,no
587,26.7,37.5,37.1,56.3,1816,612,58.1,62.1,21.9,no
588,26.4,37.9,38.1,54.0,1854,624,58.3,62.3,20.5,no
589,26.9,37.1,39.4,54.5,1849,605,57.4,62.1,21.2,no
590,26.4,37.9,36.4,53.5,1847,610,58.2,62.3,21.4,no
591,26.3,38.0,36.0,51.4,1852,619,57.9,62.8,21.6,no
592,26.2,38.2,38.6,54.1,1841,608,57.2,62.7,21.4,no
593,26.5,37.7,38.1,54.1,1871,615,57.1,62.2,20.8,no
594,27.0,37.0,37.4,52.2,1858,608,57.8,62.3,21.2,no
595,26.4,37.9,37.7,53.1,1828,616,58.6,61.4,21.2,no
596,27.0,37.1,40.1,50.2,1883,621,57.9,61.9,21.1,no
597,27.0,37.0,37.4,54.1,1865,612,58.6,62.9,20.8,no
598,26.9,37.1,39.7,52.2,1869,618,58.2,61.2,21.2,no
599,26.9,37.2,37.5,54.1,1850,633,58.6,62.7,21.3,no
600,27.4,36.5,35.5,53.3,1862,617,58.5,61.6,20.8,no
601,27.0,37.0,40.1,52.6,1866,594,58.7,61.4,21.6,no
602,26.6,37.6,38.9,53.1,1827,612,57.9,62.5,21.5,no
603,26.8,37.3,36.9,52.7,1833,608,57.5,62.0,20.8,no
604,26.5,37.7,38.1,54.2,1860,615,58.7,62.1,20.7,no
605,27.1,36.8,37.8,56.0,1849,625,58.8,62.4,21.8,no
606,27.0,37.0,36.8,52.9,1855,606,57.9,62.1,21.3,no
607,26.9,37.2,36.6,53.4,1827,611,57.2,61.9,22.1,no
608,27.3,36.7,36.5,52.8,1867,637,57.6,62.0,21.6,no
609,27.1,36.8,36.8,53.8,1856,618,57.7,62.2,21.2,no
610,27.1,36.9,38.6,50.7,1859,621,58.5,62.6,21.7,no
611,26.4,37.9,38.2,52.1,1841,623,58.3,62.3,22.0,no
612,27.1,36.9,36.8,55.2,1870,614,58.0,62.6,20.8,no
613,26.8,37.4,39.4,51.0,1864,618,57.7,62.4,21.0,no
614,27.5,36.4,37.3,51.0,1864,606,58.1,61.1,21.2,no
615,26.4,37.9,36.7,53.2,1877,617,57.7,62.2,22.3,no
616,26.8,37.3,38.6,50.1,1860,615,57.8,61.8,21.1,no
617,26.8,37.4,38.3,52.5,1843,616,57.6,61.8,21.3,no
618,26.9,37.2,38.2,53.8,1844,601,57.3,61.7,21.0,no
619,26.8,37.3,37.8,53.4,1830,619,58.2,61.7,21.2,no
620,26.9,37.2,37.3,53.2,1830,606,57.8,61.5,21.5,no
621,27.1,36.9,38.3,52.6,1848,615,57.9,62.4,21.5,no
622,27.1,36.9,37.8,51.2,1861,610,57.9,61.7,21.6,no
623,26.9,37.2,38.2,50.7,1870,622,57.2,61.1,20.5,no
624,26.0,38.5,38.0,54.4,1875,609,57.8,62.4,20.6,no
625,26.5,37.8,36.8,51.2,1848,600,57.7,62.0,21.9,no
626,26.7,37.4,34.0,54.7,1855,623,58.6,62.5,21.3,no
627,27.0,37.1,40.1,52.5,1842,601,58.3,62.0,21.6,no
628,26.9,37.2,36.4,52.7,1853,611,57.9,61.7,22.0,no
629,26.6,37.6,36.3,53.6,1866,608,57.6,61.2,21.4,no
630,27.1,36.8,39.0,50.9,1837,619,57.6,62.6,21.4,no
631,26.6,37.6,36.0,51.9,1836,610,57.7,61.9,20.9,no
632,26.5,37.7,36.4,51.0,1849,618,59.1,62.2,20.9,no
633,27.0,37.0,38.3,52.9,1831,598,58.0,61.4,21.0,no
634,27.0,37.0,38.6,52.8,1871,612,58.3,61.9,21.7,no
635,26.6,37.6,38.0,52.0,1841,619,58.5,62.1,20.3,no
636,26.3,38.0,35.5,54.5,1847,598,58.5,62.6,20.9,no
637,26.8,37.3,38.1,56.5,1832,610,57.9,61.5,21.0,no
638,26.9,37.2,37.1,52.3,1862,619,58.5,62.1,20.6,no
639,27.0,37.1,39.2,52.3,1842,617,58.1,62.3,21.1,no
640,26.6,37.6,39.1,53.4,1855,611,57.7,61.7,21.5,no
641,26.8,37.3,37.3,52.0,1837,610,58.0,62.2,21.6,no
642,26.9,37.2,38.3,52.2,1856,600,58.1,62.1,21.4,no
643,27.1,37.0,36.3,54.0,1828,618,57.7,61.8,20.8,no
644,26.9,37.2,35.5,54.3,1847,625,57.8,62.0,20.6,no
645,27.1,37.0,40.4,53.5,1826,606,57.7,62.1,21.4,no
646,27.2,36.7,37.1,54.2,1869,602,57.6,61.4,20.4,no
647,26.4,37.8,37.6,52.4,1868,606,58.3,62.6,21.4,no
648,26.3,38.0,37.8,51.5,1836,614,57.6,61.4,22.0,no
649,27.1,36.9,36.5,53.8,1837,591,57.7,62.2,21.7,no
650,26.7,37.5,39.3,56.1,1830,614,58.1,62.6,20.7,no
651,27.0,37.0,40.7,54.7,1841,604,57.3,61.7,21.0,no
652,26.6,37.6,37.6,52.7,1823,617,57.7,62.3,21.4,no
653,26.5,37.7,39.2,54.1,1837,621,58.2,62.0,20.2,no
654,27.0,37.0,37.5,54.1,1877,616,57.8,62.5,21.8,no
655,26.5,37.8,37.9,54.5,1850,619,58.0,62.0,21.1,no
656,26.6,37.6,37.0,53.6,1868,605,58.6,62.2,21.7,no
657,26.4,37.9,38.8,51.9,1879,613,57.7,62.2,20.4,no
658,27.1,36.8,37.4,53.5,1853,606,57.3,62.6,21.1,no
659,26.3,38.0,38.1,51.4,1857,614,58.6,62.1,21.3,no
660,26.6,37.6,37.2,51.7,1837,606,57.3,62.2,21.3,no
661,26.6,37.6,37.0,51.4,1845,603,57.8,62.2,21.9,no
662,26.6,37.6,37.8,54.9,1851,603,57.6,61.9,20.9,no
663,26.8,37.3,37.6,57.3,1855,599,58.4,62.5,21.0,no
664,26.7,37.5,35.0,52.8,1869,626,58.4,62.2,20.6,no
665,26.4,37.9,36.7,53.3,1837,614,58.3,62.1,21.7,no
666,27.1,37.0,38.3,52.9,1833,611,58.7,61.8,21.2,no
667,26.3,38.0,38.3,53.2,1829,610,58.4,62.2,20.8,no
668,26.2,38.1,37.2,53.7,1841,607,58.4,62.2,21.2,no
669,26.6,37.6,37.6,52.3,1849,612,58.2,62.2,21.7,no
670,27.2,36.7,37.2,53.9,1879,611,57.3,62.1,21.7,no
671,26.6,37.6,37.1,53.1,1847,616,56.7,62.0,21.5,no
672,27.1,36.9,37.4,53.0,1880,615,57.7,62.5,21.6,no
673,26.6,37.6,39.3,51.3,1880,607,58.0,61.5,21.8,no
674,26.9,37.2,35.2,51.3,1849,612,58.4,61.8,21.4,no
675,26.8,37.4,36.8,55.6,1839,621,58.4,61.9,21.1,no
676,26.9,37.2,36.0,53.0,1867,621,57.5,62.4,21.7,no
677,26.9,37.2,36.0,51.7,1875,605,58.2,62.5,21.1,no
678,26.6,37.6,38.2,53.1,1863,618,58.1,62.3,21.3,no
679,26.2,38.2,37.4,52.8,1823,603,58.5,61.8,22.1,no
680,26.6,37.5,36.9,54.8,1819,602,57.0,61.6,21.1,no
681,26.7,37.4,39.1,50.1,1841,622,58.3,61.8,22.0,no
682,26.7,37.4,38.4,52.7,1858,613,58.1,61.6,20.8,no
683,26.5,37.7,39.3,53.8,1859,603,58.5,61.8,21.2,no
684,26.4,37.8,38.3,53.5,1877,614,58.5,61.7,22.1,no
685,26.9,37.1,37.3,55.0,1864,595,58.3,62.5,21.1,no
686,26.8,37.3,38.1,51.4,1838,620,57.1,61.9,22.2,no
687,26.5,37.8,36.7,53.7,1830,614,59.0,62.0,20.4,no
688,27.4,36.5,37.9,53.6,1873,604,57.5,62.3,20.7,no
689,27.5,36.4,38.3,53.2,1861,619,58.1,61.4,21.0,no
690,26.9,37.2,38.9,54.8,1815,606,57.7,61.7,21.6,no
691,26.8,37.4,38.6,54.7,1878,616,57.6,61.7,21.0,no
692,26.9,37.2,38.7,55.5,1835,616,58.1,62.0,22.0,no
693,26.6,37.6,37.5,53.6,1826,616,57.4,62.2,21.4,no
694,27.3,36.6,37.8,53.4,1854,616,57.7,61.6,20.6,no
695,26.8,37.3,38.2,52.1,1857,613,57.7,62.7,21.0,no
696,27.2,36.8,36.8,53.5,1865,619,58.1,61.7,20.7,no
697,26.4,37.8,39.7,54.9,1837,608,58.5,61.9,19.7,no
698,26.6,37.6,38.9,51.0,1843,605,58.2,62.2,20.3,no
699,27.0,37.0,36.6,51.0,1849,614,58.6,62.5,21.1,no
700,26.4,37.9,37.2,54.2,1852,617,58.5,62.3,21.4,no
701,26.6,37.6,39.5,50.0,1840,610,57.7,61.6,20.3,no
702,26.8,37.3,36.9,53.3,1871,616,58.5,61.8,21.2,no
703,26.5,37.7,36.5,53.1,1866,619,58.3,62.2,21.3,no
704,26.6,37.5,35.1,51.4,1839,608,58.2,62.7,22.3,no
705,26.9,37.2,38.4,51.8,1847,610,57.8,61.7,21.4,no
706,26.6,37.6,36.7,53.4,1859,624,58.2,61.9,20.3,no
707,26.3,38.0,37.0,52.4,1828,610,57.9,62.2,22.1,no
708,26.7,37.5,39.3,53.3,1869,622,58.3,61.7,20.8,no
709,27.4,36.6,39.4,54.6,1884,623,57.6,62.1,21.4,no
710,27.3,36.7,39.8,54.9,1860,613,58.0,61.9,20.1,no
711,26.9,37.2,36.7,51.7,1883,602,57.4,61.6,21.4,no
712,26.4,37.9,38.0,55.0,1845,614,58.3,61.6,22.7,no
713,26.6,37.6,36.8,50.2,1822,610,58.0,62.4,20.9,no
714,26.9,37.2,38.4,50.5,1851,611,58.1,62.0,21.1,no
715,26.4,37.9,39.5,53.1,1856,597,58.2,61.6,21.5,no
716,26.3,38.0,38.7,54.4,1849,616,57.8,62.6,21.4,no
717,26.9,37.2,35.6,53.4,1828,620,58.4,62.1,22.2,no
718,27.2,36.8,39.1,55.9,1866,605,57.5,61.4,21.9,no
719,26.8,37.3,36.0,53.7,1858,606,58.5,61.8,21.4,no
720,26.2,38.1,37.6,53.6,1845,611,58.6,61.8,21.9,no
721,27.0,37.0,37.2,52.7,1860,608,57.9,61.9,21.9,no
722,26.5,37.7,37.8,54.0,1865,618,58.5,61.8,21.2,no
723,26.7,37.4,38.4,54.3,1863,608,57.9,61.7,20.9,no
724,27.1,36.9,39.6,52.5,1871,621,57.8,61.6,21.4,no
725,26.5,37.7,38.1,52.4,1812,618,58.8,62.3,19.9,no
726,26.6,37.7,38.1,49.9,1849,615,57.9,62.6,21.0,no
727,27.1,36.8,39.1,52.1,1897,606,57.8,61.9,21.2,no
728,26.9,37.2,37.0,52.1,1866,626,58.1,63.0,20.9,no
729,27.0,37.1,38.3,51.8,1873,607,57.7,61.3,22.0,no
730,26.4,37.9,37.6,53.1,1864,614,56.9,62.1,22.1,no
731,26.9,37.1,37.6,55.8,1887,621,57.9,61.7,21.8,no
732,26.9,37.2,38.7,53.8,1862,615,58.3,62.1,20.5,no
733,26.6,37.6,37.8,52.1,1855,618,57.8,62.3,22.0,no
734,26.9,37.1,38.1,52.9,1863,604,58.3,62.4,22.6,no
735,26.8,37.3,36.8,57.0,1876,605,57.7,62.1,19.7,no
736,26.9,37.2,35.4,52.6,1836,596,57.4,62.2,21.1,no
737,26.5,37.7,38.2,53.4,1869,609,58.2,61.6,21.9,no
738,27.0,37.1,37.7,51.4,1893,615,58.0,62.1,20.7,no
739,26.8,37.3,37.1,56.1,1851,606,57.8,62.5,21.1,no
740,26.8,37.3,40.7,50.5,1838,616,57.8,62.2,21.6,no
741,26.7,37.5,40.1,52.3,1832,610,58.7,62.0,21.1,no
742,26.4,37.8,39.3,53.4,1846,615,57.9,61.9,21.2,no
743,26.2,38.2,39.4,50.2,1870,630,58.0,61.8,20.0,no
744,27.1,37.0,39.0,51.6,1822,608,58.2,62.2,21.7,no
745,26.2,38.1,38.0,53.1,1838,615,57.6,61.8,21.6,no
746,26.8,37.3,38.7,51.5,1834,616,57.5,61.3,22.8,no
747,26.8,37.3,36.4,52.9,1861,616,58.1,62.0,20.9,no
748,27.3,36.7,37.9,51.0,1837,605,57.9,61.8,20.8,no
749,26.6,37.5,38.8,53.6,1857,618,58.2,61.9,21.0,no
750,27.3,36.6,37.8,50.5,1863,607,57.1,61.8,21.9,no
751,26.7,37.5,37.1,52.5,1829,612,58.5,61.5,21.5,no
752,26.9,37.2,37.9,51.6,1865,620,58.0,61.9,20.5,no
753,27.0,37.0,40.4,54.2,1847,615,58.2,62.2,21.4,no
754,27.2,36.8,38.9,54.3,1848,602,57.4,61.8,20.6,no
755,26.3,38.1,35.7,54.3,1842,620,57.9,62.4,21.8,no
756,27.1,36.8,40.3,53.5,1875,605,58.7,62.1,20.7,no
757,26.6,37.6,37.5,53.1,1858,614,58.5,62.3,21.6,no
758,26.7,37.5,38.2,53.7,1854,615,58.1,61.5,20.3,no
759,26.7,37.4,40.5,53.9,1825,605,58.2,61.1,21.5,no
760,26.6,37.5,38.6,52.5,1870,625,58.9,61.7,21.8,no
761,27.2,36.8,38.1,54.0,1875,612,58.4,62.3,21.3,no
762,26.7,37.5,39.4,53.4,1839,620,58.2,62.0,21.8,no
763,26.8,37.3,38.9,52.1,1841,604,58.2,61.9,20.7,no
764,26.7,37.5,39.5,54.7,1885,629,58.1,62.1,21.7,no
765,26.8,37.3,37.4,52.0,1856,618,58.2,62.2,20.6,no
766,26.4,37.8,39.0,55.6,1847,605,58.2,61.8,21.2,no
767,27.2,36.8,38.7,51.0,1900,624,57.8,62.0,21.4,no
768,26.6,37.6,37.9,53.5,1866,603,58.7,62.5,21.5,no
769,26.5,37.8,37.0,52.8,1821,591,58.5,62.5,21.2,no
770,26.8,37.3,38.2,51.0,1883,609,57.7,61.7,20.5,no
771,27.0,37.0,38.0,50.9,1882,609,58.2,62.2,21.7,no
772,26.7,37.5,39.2,51.3,1854,614,57.5,61.0,21.5,no
773,26.5,37.7,37.2,53.3,1856,614,58.0,61.3,22.0,no
774,26.9,37.2,37.9,53.4,1868,611,58.3,61.6,20.7,no
775,27.3,36.6,38.3,54.9,1862,606,57.7,62.3,21.9,no
776,26.6,37.6,38.0,52.3,1831,609,58.4,62.5,20.9,no
777,26.9,37.1,37.9,51.5,1830,607,57.2,62.1,20.5,no
778,27.5,36.3,38.1,53.4,1840,606,58.3,62.0,21.4,no
779,26.6,37.6,38.6,54.1,1847,611,58.3,61.8,20.8,no
780,26.9,37.2,37.8,53.5,1840,608,57.7,61.6,21.7,no
781,26.8,37.3,36.9,50.1,1853,619,57.2,62.2,21.8,no
782,26.8,37.3,37.0,50.6,1824,592,57.7,62.3,22.2,no
783,26.4,37.9,37.2,51.9,1870,607,58.0,61.6,21.8,no
784,27.1,37.0,38.4,52.9,1826,620,58.3,61.6,21.6,no
785,26.5,37.8,38.6,54.1,1881,613,58.6,62.4,21.3,no
786,26.3,38.1,40.1,52.1,1853,606,58.2,61.4,21.7,no
787,27.1,36.9,37.2,53.1,1869,614,57.7,61.7,21.6,no
788,26.3,38.0,36.7,52.9,1834,618,58.2,63.0,21.4,no
789,26.4,37.9,37.0,51.7,1831,601,57.5,62.2,21.0,no
790,26.8,37.3,40.1,51.8,1874,619,57.9,62.4,21.6,no
791,26.6,37.6,37.3,51.8,1869,599,57.8,61.8,21.5,no
792,26.6,37.6,38.7,51.0,1885,612,57.5,62.1,21.6,no
793,26.6,37.6,40.1,54.3,1862,616,58.2,61.4,21.4,no
794,26.4,37.8,36.1,55.2,1856,627,58.5,62.3,21.1,no
795,27.0,37.1,38.5,53.5,1845,610,58.6,61.8,21.6,no
796,26.8,37.3,40.5,53.0,1847,597,58.9,61.7,19.9,no
797,26.7,37.4,37.1,53.0,1836,614,57.7,61.8,21.6,no
798,26.9,37.2,37.3,51.5,1894,621,57.7,62.1,21.5,no
799,27.2,36.7,36.1,55.6,1869,608,57.6,61.1,22.3,no
800,27.0,37.0,36.5,54.2,1848,612,58.5,61.9,22.0,no
801,26.3,38.0,37.7,54.4,1839,613,57.7,61.9,21.0,no
802,26.7,37.5,40.1,49.8,1825,622,57.3,62.6,21.0,no
803,26.7,37.4,37.1,54.8,1840,614,58.2,62.8,21.6,no
804,26.4,37.9,37.5,54.6,1854,610,58.5,61.4,20.6,no
805,27.2,36.7,36.6,52.4,1815,608,58.3,61.3,21.9,no
806,27.0,37.1,38.6,55.0,1824,617,57.9,62.0,22.0,no
807,27.1,36.9,38.3,53.8,1865,617,57.8,61.7,20.5,no
808,27.5,36.3,37.0,53.3,1825,618,58.3,61.5,21.1,no
809,27.2,36.8,39.2,53.5,1879,611,58.3,61.4,21.4,no
810,26.5,37.7,37.2,54.9,1839,627,58.2,63.0,22.4,no
811,27.2,36.8,38.7,51.7,1850,617,57.9,61.8,20.4,no
812,26.7,37.4,39.1,49.9,1884,598,58.5,62.4,21.6,no
813,27.2,36.8,37.0,53.2,1871,621,58.3,62.7,21.6,no
814,26.9,37.2,36.9,52.3,1832,618,58.3,62.0,21.3,no
815,26.9,37.2,39.3,51.4,1865,610,57.4,61.4,21.5,no
816,26.8,37.3,36.2,52.5,1863,616,57.8,61.4,21.3,no
817,26.8,37.4,35.8,57.3,1855,614,57.9,62.3,20.8,no
818,26.1,38.4,37.3,52.1,1834,601,58.3,62.1,20.7,no
819,27.0,37.1,37.9,49.5,1847,622,57.7,61.8,21.7,no
820,26.6,37.6,38.2,53.8,1872,607,58.1,62.2,21.1,no
821,26.4,37.9,36.7,51.1,1810,611,57.8,62.8,20.5,no
822,26.8,37.4,39.9,54.7,1842,617,58.7,62.0,21.8,no
823,27.0,37.0,39.9,52.8,1855,616,58.0,62.1,20.4,no
824,27.6,36.2,38.1,51.3,1849,614,57.6,62.5,22.1,no
825,26.4,37.9,39.2,53.9,1857,614,58.2,61.8,20.3,no
826,26.8,37.3,37.5,51.6,1839,602,58.5,61.9,22.6,no
827,26.3,38.0,36.9,52.4,1818,604,58.6,62.1,21.8,no
828,27.3,36.6,36.9,52.1,1843,614,58.7,62.4,20.5,no
829,26.4,37.9,39.7,51.9,1853,633,57.5,61.2,21.1,no
830,26.8,37.3,38.4,52.8,1846,606,58.5,62.2,19.8,no
831,26.1,38.3,37.6,53.4,1864,606,58.5,62.9,21.9,no
832,26.6,37.5,39.0,54.3,1837,613,58.0,61.4,21.0,no
833,27.2,36.7,36.7,53.9,1877,607,58.4,62.4,21.7,no
834,27.3,36.6,36.5,53.8,1855,601,57.4,62.3,21.4,no
835,27.0,37.0,37.4,52.7,1856,619,57.7,62.1,21.6,no
836,27.1,36.8,38.1,52.2,1849,605,57.2,62.3,21.3,no
837,26.3,38.0,38.2,53.4,1833,617,58.0,62.1,22.2,no
838,26.5,37.7,38.5,53.0,1866,621,57.7,61.9,21.7,no
839,26.9,37.2,39.2,55.7,1842,609,58.2,62.4,21.3,no
840,26.9,37.2,37.5,56.0,1859,600,57.8,61.8,22.1,no
841,26.7,37.5,38.0,52.8,1827,611,58.1,61.9,21.7,no
842,26.6,37.6,37.2,51.6,1855,599,58.7,61.2,21.5,no
843,27.3,36.6,38.6,52.7,1872,604,57.9,61.6,20.2,no
844,26.6,37.6,36.6,51.7,1856,633,58.2,61.8,21.3,no
845,27.1,36.9,38.0,52.7,1840,613,57.9,62.4,21.6,no
846,26.7,37.5,37.6,52.1,1807,605,57.2,62.1,21.6,no
847,27.2,36.7,37.7,55.9,1852,612,57.6,61.5,20.8,no
848,26.8,37.4,37.1,51.3,1847,605,57.5,62.0,20.5,no
849,27.0,37.1,38.4,52.8,1854,599,57.6,61.9,20.3,no
850,26.5,37.7,37.8,52.9,1855,602,58.3,61.9,20.9,no
851,26.8,37.3,39.4,51.9,1862,608,58.2,62.9,21.7,no
852,26.5,37.7,36.4,54.1,1863,616,57.8,61.0,20.6,no
853,26.8,37.3,36.2,53.0,1818,616,57.8,61.8,20.2,no
854,26.6,37.6,38.8,52.7,1846,609,56.9,62.6,21.6,no
855,26.7,37.5,37.8,53.3,1840,617,58.4,62.6,21.3,no
856,26.5,37.8,38.9,52.2,1845,609,58.1,62.3,21.5,no
857,26.2,38.2,36.4,51.9,1862,611,57.8,61.6,21.7,no
858,26.5,37.8,36.7,51.0,1861,597,58.1,62.1,21.0,no
859,26.2,38.1,37.6,53.7,1854,615,57.4,61.4,20.9,no
860,26.8,37.3,38.6,52.6,1850,599,58.5,62.3,21.9,no
861,26.6,37.6,39.2,52.0,1867,600,58.0,62.7,20.8,no
862,26.5,37.7,36.7,53.0,1834,612,57.9,61.8,21.6,no
863,26.7,37.5,36.9,53.4,1861,604,57.2,62.2,22.4,no
864,26.6,37.6,41.1,51.3,1854,626,58.2,61.9,21.4,no
865,26.7,37.5,38.6,55.0,1825,612,57.5,61.3,21.5,no
866,26.8,37.3,37.7,51.8,1850,605,57.5,62.3,20.4,no
867,26.8,37.4,36.8,52.5,1852,618,57.1,61.8,20.0,no
868,26.6,37.5,36.8,53.3,1826,614,57.7,61.2,22.0,no
869,26.7,37.5,40.7,56.3,1855,619,57.9,61.4,21.8,no
870,26.8,37.4,38.4,55.6,1845,602,58.0,61.8,21.6,no
871,26.9,37.2,38.4,54.3,1823,613,58.2,62.0,21.1,no
872,26.9,37.1,36.7,52.9,1859,623,58.2,62.2,20.9,no
873,26.2,38.1,37.7,51.0,1850,622,58.4,61.7,21.2,no
874,26.9,37.2,37.9,51.9,1824,614,57.7,61.4,21.7,no
875,26.9,37.2,37.6,53.3,1836,615,58.5,62.4,22.0,no
876,26.2,38.2,37.2,51.5,1854,603,57.7,62.4,21.8,no
877,26.9,37.2,38.2,49.0,1852,603,57.1,62.3,21.6,no
878,26.7,37.5,37.5,53.5,1872,620,58.4,62.5,21.0,no
879,26.7,37.5,37.3,51.8,1808,611,57.3,62.7,22.0,no
880,26.5,37.8,39.3,52.4,1854,616,57.2,62.9,21.8,no
881,26.7,37.5,40.2,53.6,1848,609,58.7,61.5,21.0,no
882,26.9,37.2,37.0,50.1,1881,602,57.5,62.3,21.3,no
883,26.7,37.5,38.3,51.4,1827,609,58.0,61.5,20.6,no
884,27.3,36.6,39.2,53.2,1880,605,57.8,61.6,21.7,no
885,27.5,36.4,36.5,52.5,1833,622,57.5,61.4,20.9,no
886,26.6,37.6,36.9,51.6,1848,608,57.8,61.9,20.4,no
887,26.4,37.9,37.7,53.9,1870,615,58.2,61.9,21.6,no
888,26.2,38.1,36.5,53.7,1880,612,58.3,61.7,21.4,no
889,26.8,37.3,37.2,53.8,1849,613,57.6,62.2,21.4,no
890,26.7,37.4,38.5,54.1,1858,615,58.2,62.2,21.6,no
891,26.9,37.2,38.7,52.0,1841,606,58.1,62.0,21.5,no
892,27.0,37.1,36.4,53.0,1875,601,58.2,62.2,21.6,no
893,27.2,36.7,38.8,51.6,1857,609,58.4,62.2,21.3,no
894,26.9,37.2,39.5,53.0,1842,616,58.6,61.9,21.5,no
895,26.7,37.5,37.8,54.4,1856,609,57.8,61.8,20.8,no
896,26.3,38.1,38.0,54.7,1847,603,58.4,61.8,21.2,no
897,26.6,37.6,36.7,50.7,1851,612,58.4,61.8,20.9,no
898,26.9,37.1,36.5,52.9,1834,604,57.9,62.0,21.7,no
899,26.8,37.3,38.7,51.1,1858,615,57.7,61.9,21.9,no
900,26.5,37.7,38.3,51.9,1836,608,58.0,62.7,21.2,no
901,26.5,37.8,37.9,52.9,1858,601,58.6,62.1,21.2,no
902,27.4,36.5,36.5,53.1,1835,608,58.5,61.6,21.5,no
903,26.6,37.5,37.0,52.3,1854,613,58.3,61.5,20.5,no
904,26.5,37.7,38.1,54.7,1860,608,58.1,61.4,20.3,no
905,26.5,37.8,38.4,52.6,1855,612,57.8,62.9,21.0,no
906,26.9,37.1,40.6,52.4,1839,610,57.6,62.0,21.0,no
907,26.8,37.3,37.4,51.4,1883,616,57.4,62.5,20.9,no
908,27.1,36.8,38.3,53.4,1841,600,57.9,61.9,21.0,no
909,26.8,37.4,34.6,51.0,1873,613,58.1,61.7,22.1,no
910,26.9,37.2,35.8,50.7,1875,611,57.1,62.3,20.6,no
911,26.1,38.3,38.2,51.6,1876,588,57.9,62.6,21.8,no
912,26.7,37.4,38.0,54.0,1866,613,57.6,62.2,20.1,no
913,26.4,37.9,38.4,54.0,1856,624,58.4,61.9,21.7,no
914,26.6,37.6,37.1,51.2,1846,609,57.3,62.1,21.7,no
915,26.8,37.2,39.8,51.7,1860,616,57.9,62.1,21.7,no
916,26.3,38.0,38.2,53.5,1831,602,57.6,61.6,20.9,no
917,26.5,37.7,38.4,51.8,1846,613,58.6,62.6,21.4,no
918,26.8,37.3,39.1,55.1,1831,607,57.9,62.4,21.1,no
919,26.7,37.5,36.9,54.5,1849,611,57.5,62.5,22.1,no
920,27.1,36.9,39.0,54.6,1832,613,57.9,62.2,22.5,no
921,26.3,38.0,38.9,50.9,1874,615,57.8,61.8,21.7,no
922,26.9,37.1,37.5,55.4,1845,612,57.8,62.4,21.5,no
923,27.0,37.1,38.1,52.9,1841,612,57.9,62.3,22.5,no
924,27.1,36.9,38.4,52.1,1859,620,58.4,61.3,20.8,no
925,26.5,37.7,37.8,55.0,1835,613,57.7,61.5,22.5,no
926,26.9,37.1,38.6,50.5,1846,622,57.8,62.1,22.0,no
927,26.5,37.7,39.9,53.2,1852,617,58.1,62.6,21.4,no
928,26.5,37.7,38.4,52.6,1839,611,58.5,63.1,21.1,no
929,26.6,37.6,38.1,53.4,1863,610,57.4,61.7,21.4,no
930,26.7,37.5,38.2,53.1,1833,621,57.7,62.4,21.7,no
931,26.4,37.9,39.8,55.7,1855,623,57.5,62.5,20.2,no
932,26.8,37.3,38.0,56.1,1827,616,59.0,61.6,21.7,no
933,26.7,37.5,38.8,52.0,1884,623,58.1,61.7,21.1,no
934,27.4,36.5,37.5,50.4,1857,612,57.8,61.8,20.3,no
935,26.8,37.3,37.5,53.8,1816,616,58.6,61.2,21.5,no
936,26.5,37.8,36.9,51.9,1846,610,57.3,62.0,21.6,no
937,27.1,37.0,38.0,51.8,1867,608,57.8,61.4,21.3,no
938,27.3,36.7,37.1,54.0,1849,610,58.1,62.3,22.1,no
939,26.9,37.1,38.4,53.4,1833,595,57.6,62.4,22.5,no
940,27.0,37.1,38.2,51.5,1841,604,57.7,61.7,21.5,no
941,26.7,37.5,38.4,52.6,1859,608,58.1,62.6,20.8,no
942,26.6,37.7,38.1,53.4,1827,603,58.2,61.9,20.7,no
943,26.7,37.5,39.9,52.6,1865,608,58.2,61.4,21.7,no
944,25.7,38.8,40.1,52.1,1822,612,58.0,62.0,21.3,no
945,26.7,37.5,37.8,50.5,1865,603,57.7,61.6,20.7,no
946,26.6,37.6,36.0,53.6,1881,613,57.5,62.1,21.8,no
947,26.8,37.3,37.2,52.7,1836,613,58.3,62.6,20.6,no
948,27.1,36.9,38.1,55.7,1868,604,58.7,62.7,21.5,no
949,26.6,37.6,37.8,51.7,1865,601,57.4,62.4,20.8,no
950,26.3,38.1,36.8,51.6,1847,616,58.3,61.9,21.5,no
951,27.2,36.8,38.5,53.3,1850,617,57.6,62.3,20.5,no
952,27.0,37.0,38.4,55.2,1847,614,58.4,62.3,21.0,no
953,26.9,37.1,37.6,52.7,1871,630,57.9,62.3,21.3,no
954,26.4,37.9,39.0,54.4,1883,619,57.8,62.1,21.6,no
955,26.8,37.3,38.8,50.9,1841,627,58.2,62.2,21.3,no
956,27.1,36.9,38.1,53.0,1843,621,57.4,62.0,21.4,no
957,26.7,37.5,37.1,54.2,1871,600,57.1,61.9,21.5,no
958,27.2,36.8,37.0,52.7,1888,608,57.4,62.2,20.8,no
959,27.1,36.8,38.7,49.8,1864,614,58.5,61.6,20.6,no
960,26.6,37.6,39.7,52.7,1878,596,58.1,62.8,22.0,no
961,26.9,37.2,37.9,54.9,1824,607,58.1,62.5,22.6,no
962,26.6,37.6,39.4,53.0,1870,622,57.8,62.4,21.3,no
963,26.8,37.2,37.1,53.9,1823,607,57.5,62.4,21.4,no
964,26.6,37.6,38.6,54.7,1844,618,58.0,61.5,21.3,no
965,26.7,37.4,38.1,53.7,1877,621,58.1,61.8,22.8,no
966,26.8,37.3,38.9,53.8,1856,609,58.1,61.4,22.0,no
967,26.7,37.4,36.4,53.8,1840,609,57.7,61.3,21.5,no
968,26.9,37.2,36.0,53.4,1861,606,58.0,62.0,20.0,no
969,26.5,37.7,38.7,52.5,1859,612,56.9,62.6,21.0,no
970,26.8,37.3,39.1,53.8,1830,622,58.1,61.8,20.9,no
971,26.5,37.7,37.8,53.7,1847,607,58.1,62.5,21.6,no
972,26.7,37.5,38.1,52.5,1868,615,57.8,62.4,21.8,no
973,26.6,37.6,36.0,49.5,1856,609,58.1,62.3,20.5,no
974,26.5,37.8,36.0,49.6,1849,627,58.5,62.9,21.7,no
975,26.9,37.2,37.3,54.0,1847,624,57.7,62.5,20.4,no
976,26.5,37.7,37.3,52.3,1873,606,57.7,61.8,20.7,no
977,27.5,36.4,36.0,52.8,1876,613,58.3,61.8,20.4,no
978,26.8,37.3,38.6,56.3,1862,607,58.2,62.2,21.2,no
979,27.3,36.6,36.5,53.1,1835,611,57.9,62.6,20.5,no
980,26.3,38.0,39.5,53.1,1855,611,58.2,61.7,21.2,no
981,26.4,37.9,38.7,52.0,1879,612,57.9,61.5,20.8,no
982,26.8,37.4,38.6,53.6,1846,614,58.2,62.5,21.3,no
983,26.4,37.8,37.0,52.8,1815,621,58.0,62.2,21.7,no
984,26.8,37.3,37.3,52.2,1864,614,57.9,62.4,20.9,no
985,26.7,37.4,37.9,50.6,1848,619,58.2,62.4,21.1,no
986,26.7,37.4,35.3,53.2,1848,612,57.4,62.5,20.2,no
987,26.9,37.2,39.2,51.6,1838,611,57.6,62.1,21.1,no
988,26.6,37.6,38.0,50.6,1854,607,58.0,62.1,21.4,no
989,27.4,36.5,36.8,51.7,1834,631,57.7,62.3,21.4,no
990,26.8,37.3,38.4,51.9,1843,618,57.8,61.9,21.4,no
991,26.4,37.9,35.8,51.0,1850,602,57.8,61.4,20.8,no
992,26.8,37.4,36.4,52.3,1859,626,57.6,61.6,20.9,no
993,26.8,37.4,37.8,53.1,1839,609,57.2,61.4,22.0,no
994,26.7,37.5,37.9,52.0,1842,618,57.3,61.6,20.4,no
995,27.2,36.7,38.7,52.0,1867,611,58.6,61.9,21.8,no
996,27.2,36.7,38.6,52.5,1844,611,57.5,61.5,21.9,no
997,26.7,37.4,38.0,53.6,1861,606,58.7,61.9,19.9,no
998,26.9,37.2,37.2,52.7,1827,604,58.2,62.3,20.6,no
999,26.5,37.8,39.8,54.0,1862,598,58.1,62.1,22.6,no
1000,26.8,37.3,38.9,53.6,1865,602,57.4,61.4,22.6,no
1001,26.9,37.2,38.3,53.4,1871,606,57.4,62.1,21.6,no
1002,26.7,37.4,38.1,55.0,1825,591,58.4,62.3,21.2,no
1003,26.3,38.1,39.8,50.8,1843,620,57.8,62.4,21.2,no
1004,26.2,38.1,38.8,52.2,1842,623,57.9,62.1,21.3,no
1005,26.5,37.8,36.6,50.6,1824,607,58.2,61.9,21.7,no
1006,26.8,37.3,38.2,51.5,1836,615,57.6,61.6,22.2,no
1007,26.4,37.8,38.6,55.6,1843,626,58.4,62.0,22.9,no
1008,26.9,37.2,39.2,49.9,1840,605,57.9,61.9,21.9,no
1009,26.0,38.5,38.6,53.3,1821,622,58.0,61.7,20.6,no
1010,27.1,36.9,39.7,52.3,1835,617,58.5,62.5,21.2,no
1011,27.3,36.6,38.8,53.1,1869,616,58.4,62.4,20.9,no
1012,26.7,37.4,36.9,55.9,1862,619,57.9,61.8,20.4,no
1013,26.7,37.4,39.1,54.2,1872,611,58.2,61.9,20.9,no
1014,26.8,37.4,37.0,51.3,1817,606,58.6,61.7,21.0,no
1015,27.1,36.9,36.3,54.7,1834,611,57.7,61.6,22.0,no
1016,26.7,37.4,37.4,53.0,1856,614,57.9,61.1,21.6,no
1017,27.1,36.9,37.5,50.2,1845,622,58.1,62.0,22.2,no
1018,26.5,37.7,37.5,52.1,1872,604,58.1,61.5,21.2,no
1019,27.0,37.0,38.0,51.3,1854,607,58.7,61.7,21.8,no
1020,26.9,37.2,41.4,51.3,1824,604,57.8,61.5,21.1,no
1021,26.1,38.4,36.9,52.6,1832,609,58.2,61.6,22.7,no
1022,26.5,37.8,37.6,52.8,1841,614,57.9,61.3,21.2,no
1023,26.6,37.6,35.0,55.7,1853,604,58.6,61.9,21.0,no
1024,27.0,37.1,37.8,51.8,1802,601,58.0,61.6,21.1,no
1025,26.8,37.3,36.9,50.6,1837,616,58.5,62.5,20.9,no
1026,26.5,37.8,38.6,52.8,1854,607,58.4,62.5,20.5,no
1027,26.6,37.5,34.8,51.0,1849,611,57.9,61.5,22.3,no
1028,26.3,38.0,37.9,53.9,1867,598,58.2,61.9,22.5,no
1029,26.0,38.5,38.2,52.7,1832,605,58.6,61.9,21.8,no
1030,26.7,37.4,36.0,52.0,1810,604,57.8,61.7,22.0,no
1031,27.0,37.0,38.4,52.5,1832,619,57.9,62.6,20.4,no
1032,26.5,37.8,37.6,51.9,1833,607,58.5,62.1,21.6,no
1033,26.8,37.4,37.8,52.4,1870,615,57.7,61.7,20.2,no
1034,26.2,38.2,37.5,51.3,1840,613,58.0,61.9,21.8,no
1035,26.6,37.6,39.4,54.8,1849,601,57.8,61.3,20.7,no
1036,26.2,38.2,37.4,53.2,1874,616,58.2,62.5,21.0,no
1037,26.6,37.6,37.8,54.8,1871,617,58.1,61.9,21.6,no
1038,27.0,37.1,37.5,54.7,1872,594,58.3,62.0,21.9,no
1039,26.7,37.5,37.9,54.4,1860,602,57.8,61.5,20.4,no
1040,26.9,37.1,40.2,52.1,1871,624,58.0,62.3,21.2,no
1041,26.4,37.9,38.4,54.0,1868,613,58.4,62.4,21.1,no
1042,27.2,36.8,36.6,52.4,1856,609,58.0,62.4,22.2,no
1043,26.3,38.0,36.1,51.5,1851,624,58.1,62.4,21.7,no
1044,27.0,37.1,37.7,52.5,1898,626,57.9,62.0,20.9,no
1045,26.6,37.5,38.8,52.4,1850,609,57.8,61.7,21.5,no
1046,26.6,37.6,39.7,55.7,1853,619,58.4,61.9,21.0,no
1047,26.5,37.7,35.7,52.1,1883,606,57.5,62.0,22.2,no
1048,27.1,36.9,39.6,51.6,1845,615,58.4,61.9,21.0,no
1049,26.4,37.9,38.1,54.8,1832,599,57.8,62.0,21.2,no
1050,26.7,37.5,37.7,55.3,1872,602,58.6,62.2,21.6,no
1051,26.7,37.4,38.0,51.8,1840,610,58.7,61.9,22.1,no
1052,27.4,36.5,37.6,54.4,1829,622,57.7,62.7,21.9,no
1053,26.8,37.3,38.7,55.3,1865,623,58.2,61.9,21.5,no
1054,27.1,37.0,36.6,52.8,1819,626,57.6,62.2,21.1,no
1055,27.8,36.0,36.9,55.1,1833,621,57.5,62.3,21.1,no
1056,26.8,37.3,35.8,54.4,1838,611,57.9,61.0,20.4,no
1057,27.1,36.9,37.9,51.9,1822,595,57.6,61.3,21.2,no
1058,26.3,38.1,38.4,52.5,1848,592,57.7,62.2,21.8,no
1059,26.6,37.7,38.8,52.7,1844,598,58.2,62.2,21.1,no
1060,26.8,37.4,37.7,53.2,1867,613,58.5,61.8,20.5,no
1061,27.1,36.9,38.1,52.9,1853,604,57.7,61.8,21.5,no
1062,26.6,37.6,37.9,52.1,1858,609,57.8,62.0,21.1,no
1063,26.5,37.7,39.2,52.5,1873,618,58.1,62.4,21.8,no
1064,26.5,37.7,39.0,52.0,1864,618,58.1,61.8,22.3,no
1065,27.1,36.9,35.4,52.9,1863,613,58.4,62.1,22.2,no
1066,26.6,37.5,37.3,50.4,1855,600,58.0,62.4,21.6,no
1067,26.8,37.3,37.0,53.8,1814,613,57.1,62.0,20.8,no
1068,26.6,37.5,39.8,53.2,1853,616,57.3,62.0,21.5,no
1069,27.2,36.8,37.1,53.1,1832,611,57.9,62.4,22.7,no
1070,26.5,37.7,40.2,53.0,1882,612,58.8,61.0,21.9,no
1071,26.6,37.6,37.9,55.0,1825,616,57.7,62.0,22.2,no
1072,26.9,37.2,38.7,51.1,1855,613,58.9,61.9,21.0,no
1073,26.7,37.5,39.2,52.1,1860,606,57.8,61.8,21.4,no
1074,27.2,36.8,38.5,51.9,1865,609,57.9,62.4,21.2,no
1075,26.7,37.5,37.7,53.6,1861,624,58.1,62.4,21.4,no
1076,26.5,37.8,37.2,50.2,1863,607,58.1,62.0,22.6,no
1077,27.0,37.1,37.3,52.4,1875,603,57.6,61.9,22.2,no
1078,27.2,36.8,37.1,54.9,1873,620,58.4,62.4,22.1,no
1079,26.6,37.6,34.4,52.3,1848,614,57.6,61.9,22.2,no
1080,26.6,37.6,36.4,55.1,1855,617,57.7,61.9,22.2,no
1081,26.1,38.3,38.5,54.4,1839,618,57.8,61.1,20.4,no
1082,26.4,37.8,38.4,54.9,1855,622,57.9,61.8,21.0,no
1083,26.6,37.6,37.9,53.9,1833,611,57.7,61.3,20.4,no
1084,26.7,37.4,38.7,53.6,1834,613,58.0,62.3,20.7,no
1085,26.9,37.1,38.8,52.7,1832,614,57.9,61.5,20.1,no
1086,26.8,37.3,40.0,54.9,1856,613,58.0,62.1,20.6,no
1087,26.5,37.7,38.0,52.9,1827,614,58.0,62.7,21.1,no
1088,27.0,37.1,36.8,52.7,1857,609,57.9,61.5,22.0,no
1089,26.9,37.1,37.8,53.9,1863,625,58.1,61.7,21.0,no
1090,26.4,37.9,36.8,53.0,1847,625,58.0,61.8,21.2,no
1091,27.1,36.9,39.6,52.8,1834,605,58.1,61.7,20.3,no
1092,26.6,37.6,37.7,53.5,1862,615,57.9,61.6,20.4,no
1093,26.7,37.5,37.8,52.8,1843,615,57.4,62.0,21.6,no
1094,26.6,37.5,40.6,53.1,1867,603,58.1,62.1,21.6,no
1095,26.6,37.6,38.2,52.8,1847,599,58.2,61.5,21.2,no
1096,26.5,37.7,39.3,54.3,1847,610,58.0,62.2,20.4,no
1097,26.0,38.4,37.2,52.7,1849,615,58.0,61.6,21.4,no
1098,27.1,36.9,38.6,55.2,1855,607,57.9,62.2,21.4,no
1099,26.8,37.3,37.4,53.4,1844,613,57.9,62.5,21.1,no
1100,26.7,37.5,37.2,54.1,1856,607,57.8,61.8,21.2,no
1101,26.3,38.0,37.7,54.4,1859,615,58.1,62.1,20.6,no
1102,26.8,37.2,39.3,53.8,1833,627,58.4,61.7,21.1,no
1103,27.1,36.9,38.5,52.6,1873,618,57.8,62.7,20.8,no
1104,26.4,37.9,38.0,56.5,1838,625,58.0,61.8,20.9,no
1105,26.5,37.7,38.1,52.4,1868,608,57.9,61.3,22.0,no
1106,27.4,36.5,38.7,52.0,1859,611,58.3,62.0,20.6,no
1107,27.1,36.9,37.3,52.4,1868,599,57.6,62.6,21.7,no
1108,27.0,37.0,37.4,51.6,1847,602,58.2,61.6,21.6,no
1109,27.1,36.9,38.0,53.3,1823,611,58.0,62.0,20.9,no
1110,27.4,36.5,36.4,54.9,1848,614,57.5,62.6,20.8,no
1111,26.8,37.3,37.6,53.2,1813,624,58.3,61.8,21.6,no
1112,26.3,38.1,39.3,51.4,1835,609,59.0,62.2,22.5,no
1113,26.8,37.3,38.2,53.5,1820,620,58.4,62.1,21.1,no
1114,27.2,36.7,37.0,52.6,1861,614,58.0,61.3,20.8,no
1115,27.0,37.1,37.8,53.3,1824,614,57.9,62.2,21.6,no
1116,26.7,37.4,37.2,50.3,1854,627,57.7,61.3,20.6,no
1117,26.4,37.8,37.6,48.9,1833,609,58.6,62.9,21.0,no
1118,26.6,37.6,37.2,50.3,1843,607,58.3,62.6,21.6,no
1119,26.6,37.6,36.4,53.7,1875,607,58.1,61.8,20.7,no
1120,26.7,37.5,39.5,52.6,1863,621,58.1,61.9,21.6,no
1121,26.4,37.9,38.2,54.2,1836,612,57.5,61.8,21.6,no
1122,26.4,37.9,37.9,53.2,1839,598,58.3,62.1,21.2,no
1123,26.9,37.2,37.7,55.3,1859,607,58.0,61.4,21.7,no
1124,26.5,37.7,37.4,51.7,1843,611,58.1,61.8,21.7,no
1125,27.2,36.7,39.1,55.0,1861,610,57.2,62.2,20.7,no
1126,26.4,37.9,37.8,50.6,1826,604,58.5,62.9,20.6,no
1127,27.1,36.9,37.0,54.0,1878,604,57.8,62.3,20.2,no
1128,26.4,37.9,39.4,54.2,1859,607,57.9,61.9,20.6,no
1129,27.3,36.7,37.5,53.1,1880,622,57.0,61.7,21.3,no
1130,26.5,37.7,38.4,53.8,1847,616,57.9,62.4,21.6,no
1131,26.7,37.4,38.5,53.5,1854,605,58.4,61.6,20.8,no
1132,26.8,37.3,38.8,54.0,1837,617,58.6,61.3,21.2,no
1133,26.3,38.0,36.7,54.6,1871,603,57.7,62.0,20.1,no
1134,27.0,37.0,37.2,53.7,1838,611,58.0,62.0,20.7,no
1135,26.6,37.6,38.4,50.9,1859,619,57.8,62.0,21.8,no
1136,26.5,37.8,37.2,53.1,1866,623,58.8,61.6,20.9,no
1137,26.9,37.2,38.3,52.9,1851,621,57.9,61.6,21.8,no
1138,26.6,37.7,39.9,50.4,1839,607,58.5,62.1,21.9,no
1139,26.9,37.1,37.1,52.5,1852,609,58.7,61.3,21.8,no
1140,26.8,37.3,36.9,54.3,1859,619,57.8,62.6,21.1,no
1141,26.8,37.3,37.3,53.0,1845,613,58.3,61.8,20.9,no
1142,26.9,37.2,39.5,51.6,1856,599,58.3,62.5,21.8,no
1143,26.8,37.4,37.3,52.0,1828,614,58.5,62.3,21.4,no
1144,26.1,38.3,38.2,52.2,1822,611,57.9,62.2,21.2,no
1145,26.6,37.5,38.7,50.3,1848,620,58.0,62.0,21.1,no
1146,26.5,37.7,38.7,51.3,1850,615,58.2,63.1,21.8,no
1147,26.6,37.6,38.2,55.7,1888,600,58.5,61.9,21.8,no
1148,26.1,38.2,38.3,51.5,1851,595,57.8,61.5,21.4,no
1149,27.0,37.1,38.3,52.2,1847,598,58.2,62.2,21.9,no
1150,27.0,37.0,39.6,52.6,1875,600,57.8,61.6,20.9,no
1151,26.2,38.1,37.2,51.8,1851,626,58.5,62.4,20.8,no
1152,27.2,36.7,38.2,54.2,1848,615,57.5,62.2,21.3,no
1153,26.9,37.2,40.2,55.8,1856,604,58.2,62.4,21.5,no
1154,26.5,37.8,38.6,52.2,1826,617,58.0,62.0,21.0,no
1155,26.9,37.2,40.6,53.2,1886,610,58.1,61.6,22.5,no
1156,26.8,37.3,37.4,51.9,1866,616,58.3,61.3,21.4,no
1157,25.9,38.6,36.1,54.3,1900,613,58.2,62.5,20.8,no
1158,26.9,37.2,37.9,51.4,1814,597,58.4,62.8,21.2,no
1159,26.3,38.0,37.3,52.2,1851,600,58.2,61.2,21.9,no
1160,27.4,36.5,37.8,52.7,1859,613,57.5,62.2,20.8,no
1161,26.9,37.2,38.5,51.0,1860,618,58.0,61.8,20.0,no
1162,26.9,37.2,35.9,53.5,1842,617,57.7,61.9,21.6,no
1163,26.7,37.5,37.7,52.4,1893,609,57.6,61.6,20.4,no
1164,27.1,36.9,38.0,51.6,1861,617,58.1,61.9,21.5,no
1165,26.6,37.6,38.8,55.0,1852,610,58.9,62.5,20.8,no
1166,26.9,37.2,39.4,53.8,1834,624,58.0,62.1,21.7,no
1167,26.8,37.3,37.8,52.2,1843,637,57.5,62.1,21.2,no
1168,26.8,37.4,40.0,54.7,1856,612,58.5,62.1,19.9,no
1169,26.6,37.6,39.4,52.8,1863,609,57.9,61.1,21.6,no
1170,26.5,37.8,37.9,51.5,1847,605,58.0,61.5,21.1,no
1171,26.7,37.5,37.0,50.8,1817,605,57.9,62.4,21.6,no
1172,26.9,37.1,35.8,52.9,1846,620,58.3,61.7,22.3,no
1173,27.0,37.0,38.3,53.8,1862,602,57.6,62.4,20.7,no
1174,26.4,37.9,37.8,54.4,1844,606,58.3,61.5,21.5,no
1175,26.6,37.6,37.0,52.2,1880,605,57.9,62.1,21.4,no
1176,26.7,37.4,35.5,53.9,1854,611,57.8,62.4,21.0,no
1177,27.0,37.0,36.4,50.6,1838,604,58.3,62.2,21.1,no
1178,26.7,37.5,38.7,52.6,1840,618,58.0,61.7,21.1,no
1179,26.6,37.6,39.0,52.3,1850,620,58.2,62.2,20.6,no
1180,26.9,37.1,40.3,52.4,1824,602,58.9,61.9,21.1,no
1181,27.2,36.7,39.2,55.2,1849,613,57.9,61.9,22.0,no
1182,26.8,37.3,37.2,51.9,1833,612,57.7,61.9,20.8,no
1183,26.8,37.3,37.8,52.7,1813,624,58.3,62.3,20.7,no
1184,26.7,37.5,38.7,53.5,1861,617,57.8,61.6,21.3,no
1185,26.5,37.7,40.1,52.8,1820,631,58.7,61.7,21.0,no
1186,26.2,38.1,38.7,52.9,1859,618,57.4,61.5,22.2,no
1187,26.5,37.7,37.7,54.5,1877,623,58.0,61.2,21.8,no
1188,26.9,37.2,39.7,51.9,1847,601,57.4,61.1,21.4,no
1189,26.7,37.4,36.4,51.7,1859,611,57.2,61.7,21.8,no
1190,26.7,37.4,37.3,53.4,1850,614,58.3,62.0,21.5,no
1191,26.6,37.6,39.2,52.4,1840,603,58.4,61.5,21.6,no
1192,26.5,37.7,36.9,54.2,1845,616,57.3,62.8,21.9,no
1193,26.7,37.4,37.5,52.5,1862,611,57.7,62.8,20.9,no
1194,26.4,37.9,36.9,52.1,1890,613,58.0,62.1,20.6,no
1195,26.8,37.3,38.0,52.5,1861,619,58.3,62.4,22.7,no
1196,26.8,37.4,38.9,51.4,1828,604,57.7,62.2,21.6,no
1197,27.1,36.9,38.4,53.1,1863,600,57.4,61.2,21.2,no
1198,26.5,37.7,36.8,52.7,1855,615,58.1,62.6,21.4,no
1199,26.4,37.9,38.8,52.3,1842,616,58.2,62.7,21.9,no
1200,27.1,36.9,40.5,51.9,1863,619,57.9,61.6,20.7,no
1201,26.7,37.4,38.1,54.7,1856,616,58.2,61.9,21.8,no
1202,26.8,37.3,36.2,49.7,1859,611,57.7,61.3,21.6,no
1203,27.0,37.0,37.9,55.8,1860,612,58.2,61.5,21.0,no
1204,26.9,37.2,38.6,50.7,1858,614,57.8,62.6,21.2,no
1205,26.5,37.7,35.6,52.2,1853,604,58.4,62.0,21.3,no
1206,26.7,37.5,37.8,53.0,1838,620,58.5,62.4,20.1,no
1207,26.2,38.2,34.8,52.8,1843,609,57.7,62.0,21.1,no
1208,27.0,37.0,36.7,54.6,1894,618,57.3,61.2,22.1,no
1209,26.5,37.8,37.2,54.1,1846,621,57.9,62.6,20.9,no
1210,27.6,36.3,37.2,51.8,1856,611,57.6,62.0,22.3,no
1211,27.5,36.4,36.8,52.3,1837,613,58.5,61.9,21.7,no
1212,26.3,38.0,37.8,53.1,1833,603,57.9,62.3,22.6,no
1213,26.5,37.7,38.0,53.0,1848,609,57.9,62.4,21.4,no
1214,26.7,37.4,38.4,53.4,1886,608,57.7,61.4,21.9,no
1215,26.9,37.2,38.2,51.6,1874,615,58.2,62.1,23.0,no
1216,26.6,37.6,39.0,52.6,1873,593,58.3,62.2,20.5,no
1217,27.1,36.8,39.1,54.3,1873,607,57.9,61.8,20.9,no
1218,26.8,37.3,37.1,54.1,1841,601,57.6,61.9,21.5,no
1219,26.5,37.7,38.6,51.6,1890,604,57.9,61.6,21.8,no
1220,26.8,37.3,37.3,52.0,1835,593,57.4,62.3,21.4,no
1221,26.7,37.4,36.8,53.1,1868,618,57.7,61.9,22.0,no
1222,26.8,37.4,38.8,55.7,1817,617,57.9,62.0,21.3,no
1223,26.9,37.2,38.7,55.3,1860,617,57.6,62.0,20.9,no
1224,27.0,37.1,38.0,51.9,1855,617,58.4,62.5,20.4,no
1225,27.0,37.0,38.2,50.7,1866,609,58.0,62.0,20.3,no
1226,26.7,37.4,38.4,50.2,1846,608,58.2,62.2,21.3,no
1227,26.8,37.3,36.7,54.0,1864,617,58.7,61.9,21.4,no
1228,26.6,37.7,40.0,54.1,1832,619,57.5,62.2,20.5,no
1229,26.8,37.3,35.4,51.1,1829,611,57.7,62.0,21.0,no
1230,27.2,36.8,38.1,52.7,1869,602,58.3,62.3,21.3,no
1231,27.1,36.9,37.8,52.7,1853,618,57.5,61.3,21.5,no
1232,26.1,38.3,39.8,51.2,1857,599,57.8,63.1,20.5,no
1233,27.0,37.0,39.5,51.6,1834,609,58.5,62.2,21.3,no
1234,27.0,37.1,39.7,50.4,1837,613,58.0,61.7,22.1,no
1235,26.9,37.2,36.6,53.3,1856,600,57.2,61.6,20.8,no
1236,26.6,37.6,38.7,55.8,1847,619,57.7,61.7,21.7,no
1237,26.7,37.5,37.7,55.7,1877,626,57.3,62.1,21.5,no
1238,26.8,37.4,38.2,52.5,1845,615,58.5,61.6,20.9,no
1239,26.8,37.2,35.7,54.8,1846,613,58.0,61.5,21.1,no
1240,26.9,37.1,39.3,53.0,1889,594,57.8,61.9,22.1,no
1241,26.8,37.3,37.2,51.2,1880,619,58.1,61.8,21.7,no
1242,26.8,37.3,37.9,52.4,1816,618,57.7,62.3,20.9,no
1243,26.6,37.7,37.4,51.5,1838,621,57.2,62.0,22.2,no
1244,27.0,37.1,38.3,52.6,1848,607,58.4,62.2,22.0,no
1245,26.3,38.0,38.7,52.5,1860,610,58.1,62.5,21.8,no
1246,26.1,38.2,37.9,53.6,1880,611,58.7,62.3,20.8,no
1247,27.2,36.7,37.4,52.8,1843,620,57.9,62.1,20.8,no
1248,27.4,36.5,39.8,51.7,1856,611,57.8,62.3,21.5,no
1249,26.5,37.7,38.5,53.1,1811,610,57.6,61.3,21.9,no
1250,26.2,38.2,37.5,54.9,1822,608,59.1,62.2,20.9,no
1251,26.8,37.3,38.3,54.7,1838,593,58.0,62.1,21.1,no
1252,26.9,37.2,38.7,55.4,1885,606,58.1,62.0,20.8,no
1253,26.6,37.6,38.7,55.4,1831,619,58.0,61.5,20.6,no
1254,26.8,37.3,37.9,54.4,1856,608,57.2,62.3,20.7,no
1255,26.6,37.5,35.5,53.0,1856,617,57.8,61.8,21.9,no
1256,26.6,37.5,38.3,53.7,1851,613,57.9,61.3,20.6,no
1257,26.7,37.5,37.2,51.7,1873,605,58.0,62.3,21.5,no
1258,26.7,37.5,40.1,50.9,1874,611,57.3,62.0,21.5,no
1259,26.7,37.5,37.8,51.8,1840,624,57.8,62.6,22.2,no
1260,26.8,37.2,38.8,52.8,1864,628,57.8,61.5,20.6,no
1261,26.2,38.1,37.4,53.3,1881,613,58.1,62.4,22.5,no
1262,26.3,38.0,38.2,54.2,1835,606,58.4,62.3,21.2,no
1263,27.1,36.8,37.1,54.0,1859,617,57.6,61.7,22.0,no
1264,26.6,37.7,37.7,51.7,1869,615,58.3,62.1,21.4,no
1265,26.4,37.9,36.9,50.9,1826,626,58.6,61.6,21.4,no
1266,27.0,37.0,38.2,53.7,1859,604,57.9,61.4,22.2,no
1267,27.1,36.9,37.3,51.3,1819,605,58.4,61.8,21.9,no
1268,26.9,37.2,38.2,55.7,1872,602,58.2,61.9,21.3,no
1269,26.6,37.6,37.2,51.9,1874,612,57.8,62.3,21.2,no
1270,27.0,37.0,38.8,52.5,1829,616,58.4,62.4,20.4,no
1271,26.6,37.6,37.3,53.6,1859,603,58.4,61.9,21.9,no
1272,26.1,38.3,39.8,54.1,1876,610,57.9,62.1,21.8,no
1273,26.8,37.3,38.2,53.7,1870,619,58.3,62.4,22.5,no
1274,26.3,38.0,38.7,55.2,1833,618,58.6,62.2,21.5,no
1275,26.8,37.4,37.3,51.9,1820,605,57.6,62.5,21.8,no
1276,26.5,37.8,36.9,53.7,1851,606,57.8,62.3,21.6,no
1277,27.1,36.9,39.0,51.2,1864,616,58.1,61.6,20.3,no
1278,27.5,36.3,37.9,53.3,1844,608,58.9,62.3,21.6,no
1279,27.1,36.8,38.7,52.4,1849,598,57.5,62.0,20.6,no
1280,26.7,37.5,39.3,56.1,1834,610,58.2,62.0,21.2,no
1281,26.7,37.5,36.8,54.1,1841,602,57.4,62.3,22.0,no
1282,26.4,37.8,38.9,52.7,1849,603,57.9,62.8,21.5,no
1283,26.7,37.4,39.9,53.1,1867,606,58.0,61.8,22.3,no
1284,26.5,37.7,37.2,51.7,1869,606,58.5,61.7,20.9,no
1285,27.1,36.9,38.9,51.3,1843,613,57.3,61.8,21.7,no
1286,26.6,37.6,37.8,55.0,1867,610,58.4,62.2,21.7,no
1287,27.1,36.9,39.5,52.8,1830,625,58.2,62.0,20.5,no
1288,26.3,38.0,38.0,53.8,1855,613,57.4,62.3,20.9,no
1289,26.3,38.0,37.4,52.8,1842,618,57.6,62.3,20.3,no
1290,26.3,38.1,36.9,52.9,1838,602,58.1,62.0,20.5,no
1291,27.0,37.0,38.6,53.6,1862,597,57.9,62.4,21.5,no
1292,26.7,37.5,39.3,51.5,1849,615,58.4,61.7,20.0,no
1293,27.0,37.1,39.0,52.6,1850,601,58.2,61.9,21.7,no
1294,27.3,36.6,38.7,52.6,1835,598,57.7,62.2,20.8,no
1295,26.4,37.9,37.2,51.2,1800,609,58.1,62.5,22.2,no
1296,26.5,37.7,40.6,52.2,1861,616,57.2,62.3,21.6,no
1297,26.3,38.1,36.3,54.3,1839,622,58.2,62.2,21.2,no
1298,26.1,38.3,37.8,53.2,1846,621,58.0,62.0,21.5,no
1299,26.5,37.7,38.6,52.8,1839,600,57.3,61.9,22.7,no
1300,26.9,37.2,37.9,55.4,1858,604,57.9,62.8,20.2,no
1301,26.5,37.7,38.0,51.8,1867,624,57.9,61.6,21.7,no
1302,27.0,37.1,39.1,49.8,1824,614,57.6,62.8,20.8,no
1303,26.7,37.5,37.9,52.9,1829,618,58.1,61.9,20.8,no
1304,26.6,37.7,36.2,54.0,1842,623,58.0,62.2,21.7,no
1305,26.8,37.3,38.0,53.6,1820,625,58.4,61.5,21.7,no
1306,26.9,37.1,37.1,51.2,1868,615,58.0,62.4,21.2,no
1307,27.2,36.8,38.2,50.3,1865,614,58.0,62.3,21.4,no
1308,26.9,37.1,37.0,53.0,1852,608,58.6,62.5,21.7,no
1309,26.5,37.7,39.2,54.8,1844,609,57.7,62.1,21.2,no
1310,26.9,37.2,39.0,53.1,1855,597,57.6,62.0,20.3,no
1311,27.4,36.6,39.1,52.4,1845,612,58.0,61.7,21.2,no
1312,27.0,37.0,37.1,53.5,1844,617,58.0,61.6,21.5,no
1313,27.1,37.0,37.3,52.0,1862,614,57.3,61.3,21.7,no
1314,26.8,37.3,36.9,55.2,1820,609,58.5,62.3,21.2,no
1315,27.1,36.8,37.5,50.1,1850,604,58.1,62.2,21.0,no
1316,26.7,37.5,37.9,53.4,1843,618,58.1,62.6,22.4,no
1317,26.1,38.3,38.8,52.7,1862,618,57.8,62.0,21.5,no
1318,26.7,37.4,39.4,54.7,1861,611,58.1,61.4,20.9,no
1319,26.8,37.4,38.2,55.8,1864,623,58.0,61.6,21.6,no
1320,26.9,37.2,39.0,52.5,1820,610,58.2,62.5,21.1,no
1321,26.8,37.3,38.2,51.8,1863,611,57.9,62.6,21.3,no
1322,26.1,38.3,38.2,53.0,1844,603,58.4,61.7,22.2,no
1323,27.0,37.0,37.8,54.5,1868,604,58.2,62.2,21.3,no
1324,26.7,37.4,37.9,53.7,1842,601,57.6,62.6,21.9,no
1325,26.5,37.8,38.3,50.6,1852,605,58.3,62.4,22.3,no
1326,26.9,37.1,38.9,53.8,1838,612,57.9,62.3,21.1,no
1327,27.0,37.0,37.7,51.8,1852,624,58.0,61.3,21.1,no
1328,26.9,37.2,38.3,53.6,1831,609,58.8,61.0,20.9,no
1329,26.8,37.3,39.2,49.3,1841,612,58.0,61.8,20.7,no
1330,26.4,37.8,37.6,51.6,1880,618,57.3,62.1,21.5,no
1331,26.8,37.3,37.2,51.9,1891,607,57.8,61.6,21.9,no
1332,26.8,37.3,37.9,51.9,1850,606,57.5,61.6,21.0,no
1333,27.4,36.5,37.7,50.2,1839,623,58.1,61.8,21.6,no
1334,26.4,37.8,39.7,53.9,1857,613,58.3,62.0,21.3,no
1335,27.0,37.1,37.7,52.0,1859,620,58.2,62.3,21.2,no
1336,27.2,36.8,39.6,52.3,1884,609,58.4,61.6,20.3,no
1337,26.9,37.1,37.0,52.9,1845,600,58.2,62.1,21.6,no
1338,26.7,37.4,36.4,53.3,1829,615,58.0,61.6,21.6,no
1339,26.8,37.3,34.5,53.9,1832,620,57.8,62.0,22.4,no
1340,26.3,38.0,37.8,53.4,1860,614,58.2,61.7,21.9,no
1341,27.0,37.0,37.6,51.6,1838,608,57.8,62.0,21.3,no
1342,27.0,37.1,35.5,55.0,1872,608,57.2,61.8,21.7,no
1343,26.2,38.1,36.2,53.6,1818,608,57.6,61.8,20.9,no
1344,27.0,37.0,36.3,51.8,1855,610,57.7,62.3,21.1,no
1345,26.7,37.5,37.8,53.0,1851,630,57.8,62.2,22.0,no
1346,27.1,36.9,40.7,52.9,1852,618,58.3,62.2,21.6,no
1347,26.8,37.3,39.7,53.0,1872,610,58.6,62.2,21.2,no
1348,26.2,38.1,38.1,51.3,1820,623,58.6,62.0,21.1,no
1349,26.4,37.9,39.6,54.4,1847,612,58.8,62.2,20.6,no
1350,26.6,37.5,38.2,53.6,1868,598,58.5,62.2,21.1,no
1351,27.5,36.3,37.1,53.8,1875,615,58.8,62.1,20.8,no
1352,26.9,37.2,39.3,50.7,1829,595,57.1,61.9,20.0,no
1353,26.8,37.3,38.3,51.9,1833,616,58.0,61.8,21.1,no
1354,26.6,37.6,39.1,52.8,1878,618,58.0,62.0,22.0,no
1355,26.9,37.1,39.0,55.0,1830,608,57.8,62.0,22.0,no
1356,26.6,37.6,38.4,52.6,1845,625,58.1,61.7,22.0,no
1357,26.8,37.4,37.4,53.0,1829,617,58.2,61.8,20.9,no
1358,26.3,38.0,40.3,54.2,1860,613,57.9,62.3,21.6,no
1359,26.6,37.5,39.4,51.7,1838,609,57.5,62.0,21.7,no
1360,27.1,36.9,37.8,52.0,1847,613,58.2,61.7,21.6,no
1361,26.8,37.3,37.9,50.2,1822,617,58.2,62.6,20.8,no
1362,26.7,37.4,39.2,54.6,1838,612,57.9,62.0,21.0,no
1363,26.7,37.5,38.4,55.3,1842,605,57.6,62.4,21.6,no
1364,27.1,36.8,39.6,55.7,1852,620,57.7,62.5,20.4,no
1365,26.8,37.2,37.4,51.6,1855,612,58.2,61.6,21.9,no
1366,27.2,36.8,41.0,51.8,1869,611,57.7,62.5,22.0,no
1367,26.4,37.9,37.7,54.5,1839,619,57.4,62.3,20.6,no
1368,26.4,37.9,41.0,54.3,1834,626,58.9,61.8,21.4,no
1369,26.7,37.4,35.9,53.3,1891,601,58.3,61.9,21.0,no
1370,26.9,37.2,38.4,54.0,1852,616,58.3,61.8,21.4,no
1371,26.7,37.5,38.2,51.6,1879,612,58.2,61.7,21.5,no
1372,27.2,36.8,36.0,52.3,1814,606,57.6,61.3,21.5,no
1373,26.6,37.6,36.2,54.0,1842,612,58.1,61.2,21.5,no
1374,27.0,37.0,39.6,53.4,1861,620,58.0,61.5,21.6,no
1375,26.7,37.4,37.1,54.9,1880,604,57.5,61.6,20.7,no
1376,26.6,37.6,38.4,51.9,1870,614,57.7,62.5,21.6,no
1377,27.1,36.8,35.9,51.8,1861,631,57.8,62.1,22.0,no
1378,26.9,37.2,38.1,54.3,1844,610,58.5,61.5,21.4,no
1379,27.0,37.0,37.0,53.2,1857,603,58.4,61.9,21.0,no
1380,26.8,37.4,38.2,51.7,1832,600,57.6,62.1,22.1,no
1381,27.0,37.0,37.4,52.6,1802,616,57.6,61.9,21.2,no
1382,27.1,36.9,38.1,52.5,1845,607,58.2,61.4,22.5,no
1383,26.8,37.4,39.1,53.0,1853,604,58.5,61.6,21.6,no
1384,26.9,37.2,39.5,52.0,1849,607,58.0,62.1,22.4,no
1385,27.0,37.1,39.1,55.0,1858,624,58.0,62.2,21.0,no
1386,26.9,37.1,36.0,54.3,1899,608,57.9,61.7,20.8,no
1387,26.8,37.3,37.8,55.1,1853,608,57.8,62.2,20.6,no
1388,26.5,37.7,38.1,52.7,1851,615,58.6,61.7,20.9,no
1389,26.5,37.7,38.5,53.7,1821,602,58.2,61.6,21.2,no
1390,26.8,37.4,39.0,51.8,1848,596,58.0,62.7,21.8,no
1391,26.7,37.4,36.4,50.4,1820,611,57.9,62.6,20.7,no
1392,26.8,37.3,39.6,52.8,1853,610,57.8,62.1,20.9,no
1393,26.5,37.7,39.8,52.4,1855,612,57.9,62.1,21.2,no
1394,26.6,37.6,38.1,54.4,1839,607,57.3,62.6,20.6,no
1395,26.9,37.2,37.2,52.5,1859,599,58.2,62.6,21.8,no
1396,26.2,38.2,41.4,54.1,1846,623,57.7,61.9,21.5,no
1397,26.9,37.2,39.0,53.7,1876,607,58.6,62.1,21.7,no
1398,27.6,36.2,40.7,53.3,1859,633,57.6,61.8,22.1,no
1399,26.5,37.8,37.7,52.2,1845,614,58.2,63.2,21.9,no
1400,26.5,37.8,38.8,51.2,1833,611,57.4,62.4,22.2,no
1401,26.9,37.2,39.4,52.2,1875,625,58.7,61.8,21.8,no
1402,27.2,36.8,37.7,53.8,1852,603,58.2,61.6,22.0,no
1403,26.8,37.3,39.2,51.4,1869,607,58.4,62.8,22.0,no
1404,26.5,37.8,38.0,55.0,1833,604,58.4,62.4,21.2,no
1405,26.8,37.3,38.6,54.2,1864,609,57.6,61.8,19.9,no
1406,26.8,37.4,39.0,53.8,1833,606,58.5,61.4,20.1,no
1407,26.6,37.6,37.5,53.8,1836,628,57.9,62.3,21.0,no
1408,26.9,37.1,38.0,52.3,1819,592,58.3,61.0,21.4,no
1409,26.9,37.1,38.0,53.4,1846,616,57.0,62.2,21.0,no
1410,27.0,37.0,39.9,52.9,1850,627,58.4,62.2,20.2,no
1411,26.4,37.9,37.0,52.8,1834,606,58.5,62.1,22.0,no
1412,27.2,36.8,37.0,52.1,1835,612,57.9,61.5,22.0,no
1413,26.6,37.6,39.1,53.8,1885,610,58.0,61.8,21.5,no
1414,27.1,36.9,39.2,55.9,1840,613,58.5,62.3,22.4,no
1415,27.0,37.1,36.5,52.4,1867,611,57.3,62.2,21.3,no
1416,27.1,36.8,38.8,52.2,1863,615,58.1,62.4,20.7,no
1417,26.6,37.6,36.2,52.9,1836,605,57.7,62.1,21.2,no
1418,26.6,37.6,39.5,52.4,1869,603,58.3,62.0,21.7,no
1419,26.8,37.4,39.0,53.7,1800,611,57.5,62.3,22.3,no
1420,26.4,37.8,39.3,53.9,1868,608,58.3,61.7,22.3,no
1421,26.5,37.8,39.0,53.2,1855,631,57.8,62.3,22.4,no
1422,26.6,37.5,36.7,55.4,1838,607,57.1,62.2,20.3,no
1423,26.5,37.8,38.3,52.5,1850,606,58.2,62.6,20.4,no
1424,26.8,37.3,37.9,53.5,1844,602,58.0,61.2,21.5,no
1425,26.9,37.1,39.8,53.1,1881,611,57.8,61.5,21.1,no
1426,26.8,37.3,37.6,53.3,1837,604,58.2,62.1,21.3,no
1427,26.5,37.8,38.3,51.2,1856,617,57.5,61.7,20.9,no
1428,26.7,37.5,39.4,53.6,1843,608,58.1,62.1,20.8,no
1429,26.7,37.5,36.6,55.0,1841,602,58.1,61.9,22.0,no
1430,26.6,37.6,37.2,51.6,1838,605,58.7,62.0,22.3,no
1431,26.6,37.6,39.0,53.0,1848,592,57.8,62.8,21.9,no
1432,27.0,37.1,40.9,51.3,1870,591,58.4,61.8,21.1,no
1433,26.9,37.2,38.6,51.0,1859,619,57.7,62.9,21.4,no
1434,26.9,37.2,39.3,52.2,1821,614,58.1,62.5,21.2,no
1435,26.5,37.7,35.9,53.3,1837,603,58.1,62.2,21.6,no
1436,26.5,37.7,36.0,53.6,1889,623,58.6,61.9,20.6,no
1437,26.8,37.3,39.0,52.3,1858,596,57.9,62.2,22.7,no
1438,26.7,37.4,39.8,49.7,1860,604,57.4,62.3,20.6,no
1439,27.1,37.0,39.8,53.6,1847,625,58.6,62.1,22.2,no
1440,26.8,37.3,38.8,53.3,1880,605,57.8,62.5,21.9,no
1441,27.3,36.6,36.7,52.7,1860,616,57.8,62.4,21.3,no
1442,26.7,37.5,39.6,52.6,1828,605,58.4,61.7,21.3,no
1443,26.8,37.3,38.4,53.6,1840,607,57.4,62.7,21.5,no
1444,26.7,37.4,38.8,52.7,1833,613,58.1,62.2,20.8,no
1445,26.6,37.7,38.2,52.9,1838,599,58.0,62.5,21.5,no
1446,26.7,37.4,37.3,54.3,1824,614,57.7,62.7,21.1,no
1447,26.6,37.6,37.1,52.7,1855,603,57.7,62.5,21.0,no
1448,26.7,37.4,38.4,54.8,1864,618,57.6,62.3,21.2,no
1449,26.4,37.8,36.0,53.8,1853,620,58.5,62.1,20.9,no
1450,27.1,36.9,36.5,53.4,1830,603,57.0,61.6,21.3,no
1451,26.6,37.6,36.0,53.0,1873,627,57.0,61.2,20.2,no
1452,26.9,37.1,38.8,54.9,1863,596,58.0,61.4,21.5,no
1453,26.9,37.1,37.9,52.8,1820,606,57.9,62.0,21.9,no
1454,26.7,37.4,37.1,52.4,1870,613,58.0,62.3,21.2,no
1455,27.2,36.8,37.5,53.6,1828,613,57.5,62.7,21.5,no
1456,26.7,37.4,36.5,53.3,1855,612,57.4,61.5,20.9,no
1457,26.5,37.7,38.4,51.9,1863,609,58.1,62.3,21.1,no
1458,26.6,37.7,37.0,53.7,1859,609,58.3,61.7,21.1,no
1459,27.2,36.8,39.1,53.4,1834,611,57.6,62.1,21.6,no
1460,26.7,37.5,37.4,53.0,1887,620,58.0,61.8,21.1,no
1461,27.1,36.9,36.9,53.4,1836,611,58.4,63.1,21.4,no
1462,26.7,37.4,37.1,53.9,1852,611,58.1,61.6,21.6,no
1463,26.2,38.1,38.9,54.9,1866,597,57.5,63.5,20.9,no
1464,27.0,37.1,38.7,53.7,1847,618,57.8,61.7,21.7,no
1465,26.9,37.2,35.7,54.0,1875,618,58.0,61.9,21.2,no
1466,26.9,37.2,37.6,55.4,1857,607,58.4,62.8,20.8,no
1467,26.7,37.5,39.6,52.3,1846,614,58.2,62.4,20.9,no
1468,26.6,37.7,38.5,56.0,1880,605,57.6,62.7,21.0,no
1469,26.7,37.5,38.2,56.2,1868,604,57.8,62.0,21.2,no
1470,26.0,38.4,37.9,52.2,1865,618,58.8,61.9,22.3,no
1471,27.1,36.9,37.0,52.2,1870,608,58.2,61.9,20.8,no
1472,27.1,36.9,38.6,53.2,1856,598,58.2,61.8,20.7,no
1473,26.5,37.7,38.5,53.8,1855,615,57.3,62.5,21.1,no
1474,26.6,37.6,36.8,50.2,1894,601,57.8,61.6,22.1,no
1475,26.7,37.4,38.6,56.2,1864,601,57.2,61.6,21.0,no
1476,26.8,37.3,37.3,53.2,1862,613,58.1,62.1,21.4,no
1477,26.9,37.2,37.4,51.5,1853,604,57.5,61.5,22.0,no
1478,26.7,37.5,37.5,54.2,1849,608,57.9,62.7,22.1,no
1479,26.6,37.6,37.0,52.3,1832,615,57.4,61.8,21.0,no
1480,26.8,37.3,39.3,53.2,1871,604,58.2,62.0,21.3,no
1481,26.5,37.8,38.0,53.6,1887,607,57.8,62.4,21.8,no
1482,26.5,37.7,37.3,53.6,1877,596,58.3,62.0,20.8,no
1483,26.3,38.0,37.7,50.3,1871,605,58.5,62.6,21.4,no
1484,26.9,37.2,39.5,54.1,1844,621,57.9,62.1,21.6,no
1485,27.1,36.8,37.2,53.8,1841,612,58.5,61.8,20.5,no
1486,26.1,38.3,38.1,52.2,1889,607,58.8,61.9,20.9,no
1487,26.7,37.4,36.0,50.1,1874,611,57.7,62.8,21.3,no
1488,26.5,37.8,37.7,54.1,1878,621,58.1,61.3,21.5,no
1489,26.6,37.5,37.8,54.2,1859,607,58.1,61.9,20.5,no
1490,26.6,37.6,36.2,51.8,1808,610,58.3,62.4,21.1,no
1491,26.6,37.6,37.1,52.3,1859,610,57.7,61.7,21.3,no
1492,26.4,37.9,38.8,52.4,1853,609,58.9,61.9,22.0,no
1493,26.5,37.8,36.7,54.6,1846,615,57.5,62.1,21.3,no
1494,26.6,37.6,37.3,51.8,1860,612,58.5,62.0,20.3,no
1495,26.5,37.8,37.3,53.8,1812,622,57.5,62.3,20.7,no
1496,26.8,37.3,37.9,53.6,1873,611,57.3,62.4,20.8,no
1497,26.3,38.0,39.3,55.1,1873,612,57.5,61.7,21.9,no
1498,26.8,37.3,39.1,51.5,1837,616,57.1,61.9,20.6,no
1499,27.2,36.8,39.4,51.6,1845,622,58.5,62.5,20.7,no
1500,26.5,37.7,36.7,54.2,1870,601,57.6,62.6,20.9,no
1501,27.4,36.5,38.2,54.9,1828,616,58.1,61.4,21.1,no
1502,26.1,38.4,37.3,53.7,1875,626,58.2,61.4,21.5,no
1503,26.6,37.6,39.0,48.6,1849,617,57.9,62.0,20.8,no
1504,26.8,37.3,38.6,51.9,1881,615,57.7,61.9,22.4,no
1505,26.5,37.7,37.3,53.6,1839,616,57.5,61.6,20.2,no
1506,26.7,37.5,39.1,53.6,1826,609,57.8,62.4,21.1,no
1507,26.8,37.3,37.7,54.3,1878,603,58.5,61.6,22.2,no
1508,26.5,37.8,37.7,51.5,1836,622,57.4,61.8,21.8,no
1509,26.8,37.3,39.9,52.8,1865,621,58.3,61.7,20.9,no
1510,27.0,37.0,37.3,54.0,1848,615,58.7,61.8,21.2,no
1511,26.8,37.3,37.2,52.4,1851,620,58.5,62.1,21.2,no
1512,27.3,36.6,38.2,53.1,1850,617,58.1,62.6,21.3,no
1513,26.7,37.4,37.5,51.6,1829,600,57.6,62.3,21.4,no
1514,26.5,37.7,34.7,51.9,1824,600,58.7,61.9,20.7,no
1515,26.7,37.5,40.4,50.6,1880,600,58.3,61.9,20.9,no
1516,26.4,37.9,37.7,55.6,1850,618,57.8,61.9,22.2,no
1517,27.1,36.9,36.3,52.6,1882,606,57.5,61.6,21.3,no
1518,27.5,36.3,38.0,51.4,1857,601,58.5,62.2,20.7,no
1519,26.6,37.6,37.5,53.6,1843,602,58.3,62.1,21.2,no
1520,26.8,37.3,36.6,52.6,1829,609,58.6,61.8,21.1,no
1521,26.9,37.1,37.0,52.4,1850,617,57.5,62.1,19.9,no
1522,27.3,36.7,38.1,52.9,1848,616,57.4,61.9,20.8,no
1523,27.1,36.9,37.6,50.6,1859,609,58.5,61.9,20.7,no
1524,26.8,37.4,36.9,52.0,1833,601,58.1,62.2,20.8,no
1525,26.6,37.5,39.0,51.1,1844,621,58.4,61.9,21.5,no
1526,26.6,37.6,38.0,52.0,1861,618,57.8,61.2,21.7,no
1527,26.9,37.2,38.0,52.7,1849,623,57.6,62.6,21.5,no
1528,27.4,36.5,38.0,52.9,1858,619,58.5,62.9,20.2,no
1529,26.8,37.3,39.5,53.8,1838,620,58.6,61.2,21.4,no
1530,26.7,37.5,36.9,50.2,1882,602,58.5,61.7,21.7,no
1531,26.9,37.2,38.4,54.8,1861,613,58.0,61.9,20.1,no
1532,26.1,38.3,39.3,53.8,1837,614,57.9,62.4,20.9,no
1533,26.5,37.8,37.3,54.7,1814,590,58.8,61.5,20.9,no
1534,27.0,37.1,40.2,53.2,1867,619,57.8,62.3,21.7,no
1535,26.6,37.6,37.0,55.0,1883,600,58.6,61.7,21.9,no
1536,26.7,37.5,37.3,51.4,1848,600,57.8,62.4,21.1,no
1537,27.0,37.0,37.6,54.5,1867,614,57.7,62.1,21.8,no
1538,26.8,37.2,41.5,51.4,1853,615,57.5,61.8,21.4,no
1539,26.7,37.5,39.5,52.3,1831,608,58.9,62.3,20.3,no
1540,26.5,37.8,38.7,52.7,1829,603,57.9,62.0,20.9,no
1541,26.6,37.5,39.0,53.6,1819,619,58.0,61.5,21.3,no
1542,26.9,37.1,38.4,53.9,1877,627,58.5,61.6,20.0,no
1543,26.6,37.6,37.9,53.1,1855,629,58.2,62.6,22.1,no
1544,26.7,37.4,39.7,51.0,1806,623,58.7,61.9,22.4,no
1545,26.6,37.6,37.0,50.3,1878,612,58.3,61.7,21.4,no
1546,26.9,37.2,38.6,51.7,1831,621,57.9,62.6,21.0,no
1547,26.8,37.2,39.1,51.2,1832,615,57.5,61.7,22.6,no
1548,27.1,36.8,38.1,52.0,1877,613,58.6,62.6,21.6,no
1549,27.1,37.0,37.8,51.8,1879,611,58.4,61.8,22.6,no
1550,26.9,37.2,37.5,51.3,1874,622,58.7,61.3,21.2,no
1551,26.1,38.3,39.9,54.0,1853,608,58.1,62.8,22.7,no
1552,26.7,37.5,38.7,56.4,1839,605,58.3,62.4,20.9,no
1553,26.7,37.4,40.5,51.0,1867,613,57.1,61.6,20.9,no
1554,26.5,37.7,38.4,52.9,1876,615,57.8,62.1,21.0,no
1555,26.7,37.5,39.5,53.0,1835,607,58.1,61.9,21.7,no
1556,26.9,37.2,37.6,51.0,1850,614,57.8,61.6,21.2,no
1557,26.4,37.8,39.0,51.6,1859,608,58.2,62.2,22.5,no
1558,26.5,37.7,38.8,54.9,1860,616,57.6,61.6,20.4,no
1559,26.2,38.2,36.2,53.0,1840,607,57.7,61.7,20.5,no
1560,26.9,37.1,37.7,51.6,1850,620,58.2,61.9,20.9,no
1561,26.5,37.8,38.2,52.8,1893,621,58.8,62.0,22.0,no
1562,26.7,37.5,39.3,50.7,1859,599,57.7,61.9,21.0,no
1563,27.2,36.8,38.7,51.9,1860,604,58.0,61.6,22.4,no
1564,26.9,37.2,40.3,54.0,1839,611,58.1,62.3,21.8,no
1565,27.0,37.1,37.3,52.4,1838,620,58.0,61.6,20.6,no
1566,26.7,37.5,37.7,52.7,1839,608,58.3,61.4,21.5,no
1567,26.7,37.5,38.6,50.8,1866,616,57.7,62.0,22.0,no
1568,27.1,37.0,39.2,50.9,1881,610,57.8,61.9,21.9,no
1569,26.6,37.5,40.6,51.6,1859,596,58.6,62.7,21.9,no
1570,27.1,36.9,38.1,56.0,1832,620,58.0,61.8,20.7,no
1571,26.2,38.1,40.2,53.7,1887,605,58.1,62.2,21.7,no
1572,27.2,36.8,38.5,52.8,1835,599,57.4,62.1,22.3,no
1573,27.3,36.6,39.3,54.0,1867,616,57.5,61.9,20.8,no
1574,27.6,36.3,39.0,54.0,1815,605,58.6,61.9,21.6,no
1575,26.7,37.4,36.0,52.0,1863,606,58.0,62.1,21.0,no
1576,26.4,37.9,37.0,50.1,1886,619,59.0,61.8,21.0,no
1577,26.2,38.2,41.0,55.8,1856,615,57.9,62.4,21.2,no
1578,26.6,37.6,38.8,54.8,1848,618,57.8,61.1,20.4,no
1579,26.7,37.4,38.9,53.4,1840,618,58.4,62.7,21.2,no
1580,27.4,36.5,39.2,52.4,1854,594,58.3,62.1,21.1,no
1581,26.8,37.3,37.8,52.2,1821,611,57.8,62.0,21.4,no
1582,26.3,38.0,38.2,52.7,1848,611,57.4,62.6,21.2,no
1583,26.9,37.1,38.6,51.9,1879,604,58.4,61.4,20.5,no
1584,26.3,38.0,37.8,53.6,1845,603,57.9,62.9,21.0,no
1585,26.9,37.2,38.3,53.5,1851,608,58.3,61.3,20.8,no
1586,26.9,37.2,38.2,55.7,1822,616,58.0,62.0,21.5,no
1587,26.5,37.8,36.5,54.8,1872,618,58.3,61.7,20.7,no
1588,26.6,37.6,39.6,56.1,1840,610,58.0,61.8,21.5,no
1589,26.2,38.1,37.7,51.3,1857,612,58.3,62.2,21.3,no
1590,26.5,37.8,37.7,53.4,1844,607,57.9,62.6,23.0,no
1591,26.7,37.4,37.7,55.3,1862,614,58.3,62.4,21.4,no
1592,26.8,37.4,36.8,51.7,1866,614,58.2,62.0,21.1,no
1593,27.0,37.0,37.7,50.9,1870,610,58.3,61.4,20.9,no
1594,26.5,37.7,36.3,52.8,1845,612,58.3,62.1,21.2,no
1595,26.7,37.5,38.8,54.7,1823,613,58.7,62.0,21.1,no
1596,26.5,37.7,36.9,53.9,1827,606,58.3,62.1,21.0,no
1597,26.8,37.4,39.5,53.7,1852,598,57.4,63.4,20.6,no
1598,26.5,37.8,37.8,54.6,1856,603,58.7,61.6,21.4,no
1599,26.5,37.8,38.8,53.8,1875,620,57.9,62.0,20.9,no
1600,26.3,38.0,39.4,53.9,1853,610,58.2,61.4,21.2,no
1601,26.7,37.5,38.6,52.0,1858,608,58.0,62.1,21.5,no
1602,26.4,37.9,37.8,53.8,1872,613,57.9,61.6,21.1,no
1603,26.6,37.5,38.9,52.7,1850,614,57.8,62.4,21.3,no
1604,26.3,38.1,36.7,51.4,1853,610,57.9,62.2,20.9,no
1605,26.9,37.2,37.1,53.9,1862,616,57.9,61.3,21.4,no
1606,26.6,37.5,40.4,53.3,1858,604,58.1,62.3,21.3,no
1607,27.0,37.1,38.7,52.5,1846,625,57.5,61.8,22.5,no
1608,26.6,37.6,40.2,53.2,1816,597,58.1,62.5,21.7,no
1609,27.1,37.0,37.7,52.6,1854,621,58.5,62.4,21.3,no
1610,27.1,36.9,35.9,53.5,1823,627,58.0,62.4,21.3,no
1611,26.8,37.4,40.0,51.7,1846,613,58.0,62.6,21.6,no
1612,26.9,37.2,37.5,50.3,1867,610,58.5,61.9,21.3,no
1613,27.2,36.8,40.0,53.9,1846,608,57.9,61.4,20.1,no
1614,26.8,37.3,38.2,53.2,1867,598,58.3,62.0,22.3,no
1615,27.0,37.0,36.9,51.7,1861,619,58.2,61.9,20.5,no
1616,27.1,36.8,38.2,52.1,1861,616,57.9,62.6,20.7,no
1617,26.3,38.1,39.8,52.0,1877,623,57.6,61.9,22.4,no
1618,27.1,36.9,38.2,54.2,1837,607,57.6,62.7,21.0,no
1619,27.1,36.9,38.2,53.5,1847,614,58.0,61.8,21.0,no
1620,26.5,37.7,39.1,52.2,1847,617,58.0,60.9,21.9,no
1621,26.7,37.4,39.8,54.6,1845,602,57.7,61.7,20.6,no
1622,26.6,37.6,36.8,51.8,1878,625,58.0,62.3,20.7,no
1623,26.2,38.1,40.0,54.7,1857,612,58.1,62.3,21.7,no
1624,27.0,37.0,38.1,50.8,1825,612,58.7,62.1,21.3,no
1625,26.9,37.2,38.1,55.3,1857,622,58.1,62.5,20.6,no
1626,27.0,37.1,37.0,55.1,1845,615,58.1,62.5,21.0,no
1627,26.8,37.3,38.9,52.3,1851,607,58.2,62.5,22.1,no
1628,26.7,37.4,37.9,51.5,1856,611,57.5,61.6,21.6,no
1629,26.7,37.4,37.2,50.8,1824,616,58.2,61.8,21.5,no
1630,26.5,37.7,36.9,51.6,1830,623,57.9,62.1,20.5,no
1631,26.6,37.6,39.2,52.1,1850,605,58.1,62.2,21.0,no
1632,26.8,37.3,38.2,51.0,1856,604,58.0,61.1,20.4,no
1633,26.6,37.6,38.1,53.5,1849,614,58.0,62.0,20.4,no
1634,26.5,37.7,38.7,54.2,1852,620,57.9,61.0,21.3,no
1635,27.2,36.8,38.3,52.9,1834,611,57.9,62.6,20.0,no
1636,26.6,37.6,39.2,54.6,1863,594,58.9,61.9,21.5,no
1637,26.3,38.1,36.7,52.7,1823,625,58.1,62.2,21.0,no
1638,26.4,37.9,37.2,52.6,1855,611,57.9,61.9,20.7,no
1639,27.0,37.1,38.2,56.2,1856,620,57.8,62.1,21.7,no
1640,27.1,36.8,39.8,52.8,1832,620,57.9,61.7,20.0,no
1641,26.6,37.7,37.1,50.3,1821,606,58.1,62.0,21.2,no
1642,27.2,36.8,38.6,54.2,1824,615,58.0,61.7,21.0,no
1643,26.6,37.6,39.5,52.1,1879,599,57.9,61.5,20.6,no
1644,27.1,37.0,35.8,51.5,1889,596,58.0,61.8,21.7,no
1645,26.9,37.2,37.2,54.9,1850,615,58.0,62.2,20.8,no
1646,27.1,36.9,37.9,53.8,1817,604,57.5,62.7,21.5,no
1647,27.0,37.1,35.8,53.7,1816,611,57.0,61.5,22.0,no
1648,27.2,36.8,37.6,52.0,1814,629,57.5,61.9,22.0,no
1649,27.4,36.5,40.0,51.7,1824,611,58.1,61.5,20.9,no
1650,27.2,36.7,39.1,50.9,1847,597,58.1,62.4,22.3,no
1651,26.4,37.8,38.0,55.7,1861,597,58.2,61.8,21.8,no
1652,26.9,37.2,39.2,50.7,1857,613,58.3,61.9,21.3,no
1653,26.9,37.2,39.9,54.0,1848,612,58.2,62.0,21.2,no
1654,26.5,37.7,37.0,52.6,1846,619,57.7,62.3,21.5,no
1655,26.9,37.2,38.4,54.7,1862,602,57.5,62.1,21.6,no
1656,26.5,37.7,37.9,52.3,1857,624,58.3,61.7,21.4,no
1657,26.9,37.2,38.3,54.7,1890,599,57.9,62.0,20.5,no
1658,26.5,37.8,37.4,54.5,1849,608,57.9,61.4,20.9,no
1659,26.7,37.4,37.3,53.6,1851,614,57.7,62.6,20.9,no
1660,26.8,37.4,38.5,51.3,1877,623,58.2,61.1,21.3,no
1661,27.2,36.8,37.0,51.0,1878,598,57.9,61.9,21.5,no
1662,27.4,36.5,38.4,53.7,1862,610,57.9,62.3,21.4,no
1663,26.6,37.5,36.8,55.1,1852,611,58.1,61.3,21.0,no
1664,26.6,37.6,38.6,50.8,1875,605,58.2,61.8,21.4,no
1665,26.6,37.6,38.4,51.7,1874,620,58.5,61.8,21.2,no
1666,26.8,37.4,38.2,51.8,1847,599,57.9,61.9,21.2,no
1667,27.0,37.0,39.6,50.3,1857,617,58.4,61.9,21.1,no
1668,26.3,38.1,39.3,48.2,1859,615,57.5,61.7,20.6,no
1669,26.9,37.2,37.7,52.0,1864,624,58.2,62.4,21.6,no
1670,26.6,37.5,39.2,54.7,1849,611,58.7,62.3,21.6,no
1671,26.8,37.4,37.3,53.3,1845,615,58.7,61.6,21.3,no
1672,27.1,36.9,37.4,53.3,1862,618,57.7,61.6,21.4,no
1673,26.5,37.7,37.6,52.0,1846,613,56.8,61.9,21.8,no
1674,26.7,37.4,39.0,50.2,1861,608,58.0,62.1,20.2,no
1675,26.7,37.4,36.5,54.7,1815,603,57.6,62.3,21.2,no
1676,26.5,37.8,39.4,54.1,1815,616,57.6,61.5,21.9,no
1677,26.9,37.2,37.6,53.7,1853,610,58.2,62.1,22.3,no
1678,26.9,37.2,39.4,52.4,1864,604,58.3,61.2,20.9,no
1679,26.9,37.2,36.3,52.1,1845,621,57.4,62.5,21.8,no
1680,26.4,37.9,38.1,51.6,1832,606,57.8,62.0,20.9,no
1681,27.1,36.8,37.9,51.7,1866,611,58.0,62.3,21.2,no
1682,26.2,38.1,37.9,51.5,1845,605,57.7,62.7,20.6,no
1683,26.8,37.4,37.0,53.2,1826,604,58.2,61.9,21.9,no
1684,26.8,37.3,39.7,54.1,1847,605,58.2,61.5,20.8,no
1685,26.5,37.8,36.9,51.9,1882,615,58.1,61.8,20.7,no
1686,26.7,37.4,37.4,52.1,1875,610,57.8,61.9,22.0,no
1687,26.2,38.1,37.4,54.5,1851,612,58.3,62.9,21.1,no
1688,26.4,37.9,39.5,49.2,1874,610,58.0,62.1,21.3,no
1689,27.0,37.0,37.6,53.2,1857,608,58.2,62.3,20.9,no
1690,26.6,37.6,37.3,52.6,1847,605,58.2,61.1,20.9,no
1691,26.5,37.8,38.4,52.0,1853,619,57.8,61.8,20.8,no
1692,27.0,37.0,37.7,51.8,1874,610,58.1,61.8,20.8,no
1693,26.6,37.5,39.1,55.1,1841,614,57.3,61.3,22.4,no
1694,26.5,37.7,38.2,52.1,1852,608,58.2,61.8,21.2,no
1695,26.6,37.5,37.3,51.8,1860,616,57.8,62.5,21.7,no
1696,26.7,37.4,39.1,51.4,1866,622,57.4,62.2,21.6,no
1697,27.0,37.0,37.8,51.7,1888,609,57.3,62.0,21.8,no
1698,27.1,36.8,36.9,51.1,1831,617,57.6,62.4,21.3,no
1699,27.1,36.9,38.8,52.7,1867,613,57.7,62.2,22.0,no
1700,27.0,37.0,38.6,50.4,1858,630,58.0,62.6,20.9,no
1701,26.9,37.1,38.5,54.0,1866,605,57.9,61.1,21.7,no
1702,26.7,37.5,36.7,51.8,1851,621,58.4,62.7,21.9,no
1703,26.5,37.7,37.7,53.6,1849,619,58.0,61.8,20.2,no
1704,26.8,37.4,37.2,53.8,1871,628,57.7,62.1,21.1,no
1705,26.6,37.6,38.6,55.1,1872,608,58.0,62.2,21.1,no
1706,26.6,37.6,37.5,53.9,1847,616,57.1,61.7,19.8,no
1707,26.7,37.5,38.6,53.3,1845,611,58.6,62.4,20.9,no
1708,27.2,36.7,38.1,55.9,1841,611,58.3,61.9,21.5,no
1709,26.7,37.4,38.2,53.8,1854,621,58.2,62.1,20.6,no
1710,26.4,37.9,38.5,53.3,1831,617,57.9,62.3,22.2,no
1711,26.7,37.4,38.5,50.4,1845,612,58.0,62.0,22.2,no
1712,26.9,37.2,37.6,54.3,1847,604,57.0,61.8,20.8,no
1713,27.1,36.9,38.0,51.2,1821,611,57.6,61.9,20.7,no
1714,26.7,37.5,38.6,51.8,1841,605,57.8,62.5,20.9,no
1715,26.9,37.2,39.9,54.8,1855,612,57.5,62.2,21.7,no
1716,26.6,37.6,39.3,53.2,1839,607,58.0,62.1,20.3,no
1717,27.1,37.0,38.9,56.5,1860,595,57.6,62.1,21.4,no
1718,26.2,38.1,36.9,52.1,1857,611,57.6,62.1,20.5,no
1719,27.0,37.1,38.1,51.6,1850,602,58.7,61.7,21.0,no
1720,26.5,37.7,38.3,53.0,1900,624,58.4,62.5,22.6,no
1721,26.7,37.5,37.3,52.1,1854,620,58.1,61.6,22.0,no
1722,26.4,37.9,38.5,55.5,1865,618,57.3,62.1,21.5,no
1723,26.8,37.3,36.9,52.1,1871,631,58.4,61.8,20.5,no
1724,26.8,37.3,38.2,52.7,1883,623,58.3,62.2,20.8,no
1725,27.0,37.1,39.2,54.1,1873,615,57.4,62.4,22.7,no
1726,26.8,37.4,38.0,52.4,1852,614,58.2,61.8,22.6,no
1727,27.6,36.3,37.0,54.7,1842,620,58.4,62.2,21.6,no
1728,26.2,38.2,37.0,53.5,1848,617,57.2,61.7,21.1,no
1729,26.9,37.2,36.0,53.9,1822,604,57.5,61.7,20.7,no
1730,26.7,37.4,37.4,57.6,1857,606,58.3,61.9,22.4,no
1731,26.4,37.9,37.3,53.6,1838,613,58.2,61.5,21.6,no
1732,26.4,37.8,36.8,52.9,1858,614,57.6,61.9,21.1,no
1733,26.8,37.3,40.3,51.8,1869,616,58.1,61.9,21.5,no
1734,27.2,36.7,38.6,53.8,1868,617,58.9,62.2,21.7,no
1735,26.5,37.7,39.6,52.5,1845,622,57.4,62.4,20.8,no
1736,26.7,37.5,37.8,53.1,1867,608,58.1,62.1,21.6,no
1737,27.1,36.9,38.0,53.1,1878,629,58.2,61.5,21.1,no
1738,26.7,37.5,39.2,51.8,1850,619,57.7,61.3,21.6,no
1739,26.2,38.2,36.5,50.9,1856,610,57.0,61.4,21.6,no
1740,26.7,37.5,37.0,51.6,1888,592,58.4,62.3,21.6,no
1741,26.6,37.6,37.5,52.8,1861,622,58.0,62.6,20.9,no
1742,27.1,36.9,36.9,53.5,1859,627,57.7,61.5,20.7,no
1743,27.0,37.1,37.9,54.3,1834,609,58.1,61.7,21.3,no
1744,26.8,37.3,38.4,53.5,1860,614,58.5,62.3,21.7,no
1745,26.9,37.2,36.7,52.7,1865,624,57.8,61.5,21.4,no
1746,26.4,37.8,39.3,53.4,1843,621,57.2,61.5,21.9,no
1747,26.6,37.6,38.8,53.0,1858,613,58.8,62.2,21.4,no
1748,27.2,36.8,40.8,51.2,1868,601,57.9,62.2,21.3,no
1749,27.0,37.1,35.1,53.8,1840,620,58.0,62.0,21.5,no
1750,27.0,37.0,36.2,50.0,1851,616,58.2,61.8,21.6,no
1751,26.4,37.9,36.9,53.4,1867,600,57.6,61.5,20.8,no
1752,26.4,37.9,36.4,51.7,1833,616,58.1,62.3,21.3,no
1753,27.1,36.9,39.2,49.6,1815,631,57.6,61.6,21.3,no
1754,26.6,37.5,38.3,54.3,1829,610,57.3,61.8,20.7,no
1755,27.1,36.9,37.2,54.8,1832,614,58.7,61.4,21.8,no
1756,26.7,37.4,38.2,54.1,1841,604,57.8,62.6,21.8,no
1757,26.6,37.7,38.4,51.6,1874,611,59.0,62.2,21.0,no
1758,27.4,36.5,38.7,51.5,1838,614,58.2,61.5,21.9,no
1759,26.3,38.1,37.9,54.0,1840,607,57.9,61.9,21.0,no
1760,26.9,37.2,39.3,52.1,1860,616,58.5,62.0,20.9,no
1761,26.6,37.6,39.5,54.7,1864,622,58.1,62.0,22.2,no
1762,26.8,37.4,38.5,53.4,1835,608,58.2,61.8,22.2,no
1763,26.5,37.7,36.3,55.1,1846,602,59.0,62.5,21.1,no
1764,26.5,37.7,38.9,54.2,1820,614,59.0,61.6,21.3,no
1765,26.4,37.9,38.5,52.9,1832,613,58.4,62.4,22.0,no
1766,26.7,37.5,37.1,54.8,1859,608,58.6,61.8,20.8,no
1767,26.3,38.1,37.3,52.6,1851,616,57.7,62.4,21.1,no
1768,26.3,38.1,38.9,54.4,1865,607,57.5,62.4,21.2,no
1769,26.7,37.5,39.5,57.3,1875,616,58.1,61.3,20.9,no
1770,26.7,37.5,37.4,52.4,1841,619,58.1,61.6,22.2,no
1771,26.4,37.8,37.0,52.1,1852,619,58.9,61.9,21.5,no
1772,26.3,38.0,37.8,52.3,1846,614,58.3,61.6,19.9,no
1773,26.5,37.7,38.5,55.8,1851,624,57.7,62.5,21.8,no
1774,26.8,37.3,40.9,51.8,1838,614,58.1,61.9,21.8,no
1775,26.6,37.6,38.7,54.6,1859,608,57.8,62.3,21.7,no
1776,26.5,37.7,35.6,52.3,1855,611,58.4,62.0,21.5,no
1777,26.4,37.9,40.2,51.4,1838,616,58.3,62.2,21.0,no
1778,26.7,37.5,37.5,51.2,1839,613,57.9,62.8,21.7,no
1779,26.4,37.9,37.7,51.8,1844,601,57.9,61.7,20.5,no
1780,26.4,37.9,38.4,52.9,1862,629,57.5,62.3,20.7,no
1781,26.1,38.3,39.1,51.8,1847,608,57.6,62.1,21.9,no
1782,26.8,37.4,36.7,51.8,1839,598,58.2,62.1,22.1,no
1783,26.5,37.8,37.4,55.9,1853,617,57.9,61.8,20.7,no
1784,27.6,36.2,37.2,53.2,1852,621,57.9,62.7,21.2,no
1785,26.8,37.3,39.0,52.1,1877,614,58.2,62.5,21.2,no
1786,27.3,36.7,38.8,51.1,1865,610,58.1,61.8,20.6,no
1787,27.6,36.3,39.6,53.9,1858,607,58.0,62.2,21.3,no
1788,26.4,37.8,36.2,52.7,1855,613,58.7,62.0,21.9,no
1789,26.6,37.6,37.8,53.1,1846,622,57.6,61.5,21.6,no
1790,26.6,37.6,39.1,52.3,1874,619,58.2,61.2,21.6,no
1791,27.0,37.1,39.9,51.2,1856,606,57.8,61.8,20.5,no
1792,26.5,37.8,38.3,52.2,1854,592,57.7,62.1,20.6,no
1793,26.6,37.5,39.0,52.7,1830,611,58.1,62.2,20.2,no
1794,26.5,37.7,38.8,52.6,1857,598,58.4,62.2,22.2,no
1795,26.6,37.6,38.2,52.3,1812,622,57.9,62.5,22.4,no
1796,26.7,37.5,38.7,53.7,1887,594,57.5,61.8,20.5,no
1797,26.9,37.2,38.2,52.6,1872,624,57.7,62.0,21.6,no
1798,26.6,37.6,37.0,55.7,1843,616,58.0,63.0,21.2,no
1799,27.3,36.6,37.7,54.3,1840,621,58.0,62.0,20.7,no
1800,26.9,37.2,39.9,52.1,1851,611,58.1,62.2,20.6,no
1801,26.7,37.4,37.6,51.7,1838,602,57.5,61.1,22.4,no
1802,27.0,37.0,36.5,53.1,1841,617,58.2,61.7,21.9,no
1803,27.0,37.0,40.4,53.4,1841,600,58.7,62.5,21.3,no
1804,26.7,37.5,38.2,52.2,1851,615,57.5,61.0,21.9,no
1805,26.8,37.4,37.9,55.1,1859,617,58.4,61.8,20.9,no
1806,26.3,38.1,39.6,53.0,1874,627,57.9,61.9,20.5,no
1807,26.8,37.4,36.1,53.1,1872,612,58.0,62.2,19.9,no
1808,26.4,37.8,38.0,51.9,1850,626,58.1,61.9,21.0,no
1809,26.7,37.4,39.7,54.3,1812,605,58.0,61.5,21.3,no
1810,26.4,37.9,38.2,53.9,1841,609,58.1,61.7,21.2,no
1811,26.6,37.5,38.4,55.4,1858,611,57.5,62.2,20.9,no
1812,26.8,37.3,35.9,51.9,1821,612,58.2,61.6,20.7,no
1813,26.6,37.6,38.2,52.4,1856,613,58.3,62.7,21.8,no
1814,26.7,37.5,36.2,52.5,1861,604,57.9,61.8,21.5,no
1815,26.5,37.8,39.2,52.2,1837,620,58.5,61.9,20.8,no
1816,26.6,37.7,36.9,53.8,1841,609,57.8,62.1,20.6,no
1817,26.9,37.2,40.0,52.3,1837,624,58.1,61.8,22.1,no
1818,26.9,37.2,36.5,52.8,1836,599,58.1,62.1,21.4,no
1819,26.5,37.7,38.2,53.9,1868,602,57.8,61.3,20.7,no
1820,26.4,37.9,38.7,54.7,1857,612,58.3,61.6,20.5,no
1821,26.4,37.8,38.4,54.7,1859,617,57.3,61.8,21.7,no
1822,26.7,37.5,38.4,51.5,1824,615,58.2,62.1,21.0,no
1823,26.8,37.3,38.3,52.8,1832,612,57.5,60.9,21.1,no
1824,26.7,37.5,39.8,51.9,1848,611,58.0,61.9,21.3,no
1825,26.6,37.6,36.5,53.4,1857,616,58.2,61.9,20.6,no
1826,27.1,36.9,39.7,52.1,1827,611,57.8,60.8,22.1,no
1827,26.6,37.5,39.4,54.3,1866,610,58.3,62.4,20.6,no
1828,27.0,37.1,39.6,52.5,1847,598,58.4,62.6,21.2,no
1829,26.5,37.8,38.0,54.2,1856,620,58.5,62.1,21.5,no
1830,26.7,37.4,38.9,51.4,1866,607,57.5,62.0,21.9,no
1831,26.7,37.4,39.7,51.1,1864,611,57.7,62.5,21.6,no
1832,26.7,37.5,39.2,53.4,1859,624,57.9,61.9,20.7,no
1833,26.5,37.7,35.9,50.7,1830,601,58.6,62.1,20.7,no
1834,26.6,37.6,39.4,50.8,1857,617,58.2,62.1,21.1,no
1835,26.5,37.8,37.4,53.6,1851,611,57.8,61.8,21.8,no
1836,26.4,37.8,37.9,52.5,1842,620,57.5,62.5,21.1,no
1837,26.8,37.4,39.4,53.9,1863,623,57.8,61.8,21.6,no
1838,27.0,37.1,36.9,52.7,1857,608,58.0,62.4,20.4,no
1839,26.8,37.3,36.4,55.0,1867,613,58.0,61.8,20.6,no
1840,26.9,37.1,37.7,53.3,1862,606,58.0,61.3,22.9,no
1841,26.9,37.2,37.3,56.2,1837,608,57.9,61.7,21.5,no
1842,26.6,37.6,37.0,50.6,1864,606,57.9,62.3,21.3,no
1843,27.4,36.5,38.0,52.1,1823,613,57.7,62.4,21.3,no
1844,26.5,37.8,37.7,52.8,1848,620,58.1,61.9,21.2,no
1845,26.8,37.3,36.9,53.1,1841,615,58.2,61.9,21.1,no
1846,26.6,37.5,38.4,53.4,1877,607,57.8,62.2,20.9,no
1847,26.4,37.8,37.5,52.2,1847,599,58.1,61.5,21.8,no
1848,27.1,36.9,40.5,53.5,1863,613,57.7,62.2,20.8,no
1849,26.5,37.8,36.9,53.1,1841,629,57.6,61.7,20.5,no
1850,27.0,37.1,37.9,53.2,1851,603,57.2,61.7,21.7,no
1851,26.5,37.7,38.4,53.6,1851,613,58.5,62.4,22.3,no
1852,27.3,36.7,39.0,52.9,1869,612,57.4,62.1,20.5,no
1853,26.6,37.6,39.1,53.3,1833,610,58.6,62.0,21.3,no
1854,26.7,37.5,37.7,50.5,1857,618,58.2,62.1,21.0,no
1855,26.8,37.3,37.0,50.8,1869,613,57.2,62.1,22.0,no
1856,26.9,37.2,38.6,54.5,1809,608,57.6,61.7,21.5,no
1857,26.9,37.2,39.4,52.5,1874,627,57.7,61.3,21.8,no
1858,27.1,36.8,38.1,51.5,1829,617,58.1,61.6,21.8,no
1859,27.2,36.8,37.8,53.1,1859,623,58.2,62.1,21.7,no
1860,26.6,37.7,37.7,53.5,1850,621,58.1,62.4,21.4,no
1861,26.7,37.5,38.4,53.8,1868,617,57.7,62.6,21.2,no
1862,26.6,37.6,37.4,51.4,1878,602,57.7,62.0,22.6,no
1863,26.6,37.6,37.1,53.6,1837,596,57.2,61.2,20.8,no
1864,26.6,37.6,36.9,53.3,1873,608,58.3,60.9,21.2,no
1865,26.7,37.5,39.7,53.5,1836,623,57.6,61.9,22.5,no
1866,26.8,37.2,36.7,53.8,1862,618,58.0,61.9,21.1,no
1867,26.4,37.9,36.7,52.6,1857,618,57.2,61.6,21.3,no
1868,26.8,37.4,38.8,51.2,1865,603,57.1,61.6,22.4,no
1869,26.5,37.7,36.2,52.9,1823,603,57.6,61.5,20.2,no
1870,26.7,37.5,37.2,51.1,1863,620,58.4,62.6,20.1,no
1871,26.9,37.2,37.1,50.6,1846,605,58.1,61.2,21.2,no
1872,26.3,38.0,40.1,53.4,1846,614,58.4,61.4,20.1,no
1873,26.7,37.5,38.2,54.9,1834,593,58.5,62.2,20.7,no
1874,26.5,37.7,38.7,53.5,1856,603,58.4,61.6,22.0,no
1875,27.6,36.2,37.0,54.8,1876,613,57.7,62.5,20.6,no
1876,26.5,37.8,38.1,53.0,1832,606,58.7,62.1,20.9,no
1877,26.9,37.2,38.1,52.7,1808,600,58.4,61.7,21.8,no
1878,26.6,37.6,37.5,52.6,1868,600,57.8,61.9,20.3,no
1879,27.1,36.9,37.2,50.5,1873,605,58.2,61.9,21.1,no
1880,26.3,38.0,40.3,51.2,1831,622,58.1,61.7,22.0,no
1881,26.3,38.0,35.7,53.4,1834,613,58.3,62.4,22.1,no
1882,26.8,37.3,38.0,55.2,1825,621,58.3,62.6,22.6,no
1883,27.1,36.9,37.8,54.5,1842,618,58.2,62.0,21.2,no
1884,26.7,37.4,38.5,56.6,1875,615,58.3,61.3,21.5,no
1885,26.8,37.3,37.6,53.0,1846,610,57.9,61.9,21.4,no
1886,26.9,37.2,38.4,52.3,1843,608,57.6,61.8,21.5,no
1887,26.8,37.4,38.7,52.8,1855,611,57.6,62.0,20.9,no
1888,26.8,37.3,37.4,51.9,1866,617,58.4,61.5,20.7,no
1889,26.9,37.2,36.4,56.8,1831,620,58.4,61.2,21.2,no
1890,27.4,36.5,37.2,52.5,1864,624,58.9,62.1,20.7,no
1891,26.6,37.7,40.2,50.8,1854,608,58.6,62.7,21.2,no
1892,26.6,37.7,41.8,54.4,1863,604,58.4,61.8,22.6,no
1893,26.4,37.9,39.1,50.5,1857,616,57.8,62.2,20.8,no
1894,26.5,37.7,39.2,53.6,1856,602,58.4,61.9,21.2,no
1895,26.5,37.8,37.8,52.6,1874,608,58.0,61.8,20.8,no
1896,26.6,37.6,38.4,54.6,1860,626,57.7,62.1,20.9,no
1897,27.0,37.1,36.6,52.9,1865,604,58.8,61.6,20.3,no
1898,27.4,36.5,37.0,54.6,1867,625,57.5,61.4,21.2,no
1899,26.7,37.5,37.4,50.7,1872,615,58.2,62.0,21.1,no
1900,27.2,36.8,36.9,54.3,1843,607,57.3,62.3,21.4,no
1901,26.3,38.0,40.0,53.3,1876,617,58.0,62.1,20.5,no
1902,26.7,37.5,34.5,51.0,1828,614,57.9,61.6,21.3,no
1903,27.2,36.8,37.3,53.2,1876,596,58.0,62.4,21.6,no
1904,26.7,37.5,39.5,53.9,1852,621,58.7,62.4,20.7,no
1905,26.8,37.3,41.1,50.7,1850,624,58.0,61.9,21.6,no
1906,26.3,38.0,37.8,53.5,1857,608,58.5,62.3,20.9,no
1907,27.0,37.1,36.9,50.8,1863,604,57.9,61.9,21.1,no
1908,26.8,37.4,40.1,54.7,1842,606,57.9,62.0,21.9,no
1909,26.5,37.7,37.1,49.1,1857,622,57.9,61.4,21.4,no
1910,27.1,36.9,39.7,51.7,1851,605,58.6,62.6,20.8,no
1911,27.1,36.8,38.6,50.4,1840,608,57.5,62.1,21.2,no
1912,26.4,37.9,38.7,51.8,1858,604,58.4,62.8,20.8,no
1913,26.6,37.6,35.0,53.7,1848,610,57.8,61.8,22.3,no
1914,26.4,37.9,39.4,54.2,1848,621,57.6,61.9,21.6,no
1915,26.4,37.8,37.4,51.4,1841,611,58.2,61.7,20.9,no
1916,26.7,37.4,36.1,51.9,1846,600,58.6,62.0,20.2,no
1917,27.0,37.0,39.2,51.1,1834,620,58.5,61.5,22.0,no
1918,26.9,37.2,39.8,54.1,1858,623,58.4,62.7,21.9,no
1919,26.6,37.6,39.7,54.8,1871,616,57.6,62.1,20.9,no
1920,26.9,37.2,36.3,54.5,1896,612,57.7,61.4,21.1,no
1921,26.6,37.5,38.7,54.2,1843,621,58.4,61.7,20.9,no
1922,26.8,37.4,37.7,53.9,1846,616,58.0,61.4,22.2,no
1923,26.5,37.8,37.0,52.5,1849,616,58.3,61.9,21.1,no
1924,27.1,36.9,36.9,52.6,1873,624,58.2,61.9,20.7,no
1925,26.3,38.0,38.1,54.3,1846,592,58.5,61.8,21.4,no
1926,27.2,36.8,39.2,54.6,1840,614,58.2,62.5,21.4,no
1927,27.1,36.9,38.4,54.7,1848,615,57.5,62.1,21.2,no
1928,26.8,37.3,39.0,52.5,1856,611,58.1,61.8,20.5,no
1929,27.0,37.1,36.5,55.1,1859,610,57.9,61.6,21.5,no
1930,27.3,36.6,38.9,56.6,1849,606,57.3,62.3,21.5,no
1931,26.8,37.3,37.7,53.1,1827,608,58.8,62.6,22.5,no
1932,26.9,37.1,38.1,52.5,1822,597,58.4,62.4,21.8,no
1933,26.8,37.4,37.6,50.1,1853,605,58.5,62.6,21.0,no
1934,26.8,37.3,38.2,52.5,1864,616,58.3,61.3,21.6,no
1935,27.0,37.1,38.7,52.7,1850,597,57.6,62.1,22.2,no
1936,27.0,37.0,39.4,51.9,1877,605,57.8,61.6,21.3,no
1937,26.2,38.1,40.2,55.6,1877,606,57.8,61.8,21.1,no
1938,26.1,38.3,36.0,54.8,1834,615,57.9,62.2,20.5,no
1939,26.3,38.1,37.8,53.8,1861,607,57.8,61.8,21.6,no
1940,26.3,38.0,38.0,54.4,1823,618,58.1,61.9,20.4,no
1941,26.6,37.7,40.2,52.0,1834,605,58.1,62.2,21.4,no
1942,27.0,37.0,35.0,55.7,1821,589,57.5,62.0,21.2,no
1943,26.7,37.5,38.1,53.1,1837,606,58.5,61.8,21.9,no
1944,27.0,37.1,37.6,54.8,1841,611,57.8,62.2,21.8,no
1945,26.7,37.5,38.3,53.9,1843,597,58.0,61.7,21.0,no
1946,26.4,37.9,38.0,53.7,1852,618,58.3,62.2,22.2,no
1947,26.7,37.4,39.2,53.9,1876,618,57.9,62.0,21.8,no
1948,26.9,37.2,39.8,51.9,1860,598,58.4,61.7,21.3,no
1949,27.0,37.0,39.5,52.0,1853,604,58.6,61.3,21.9,no
1950,27.2,36.7,36.8,52.8,1834,607,58.4,61.7,21.2,no
1951,26.9,37.2,37.3,52.6,1855,608,57.9,62.0,21.2,no
1952,26.6,37.5,37.5,54.2,1840,622,59.0,61.8,20.4,no
1953,26.6,37.6,37.5,55.3,1841,601,58.0,61.2,22.0,no
1954,26.6,37.6,38.7,53.1,1838,602,58.0,62.5,20.5,no
1955,27.0,37.0,37.6,51.8,1875,612,58.2,61.8,20.5,no
1956,27.0,37.0,37.1,53.4,1828,603,58.2,61.8,21.6,no
1957,26.4,37.9,36.8,51.2,1865,611,58.3,61.4,21.0,no
1958,26.6,37.6,38.4,53.3,1820,619,57.8,62.1,21.9,no
1959,26.5,37.7,38.9,54.3,1840,619,57.5,61.9,21.5,no
1960,26.5,37.7,39.8,54.6,1840,603,58.3,61.8,21.0,no
1961,26.7,37.4,37.8,52.1,1834,614,58.2,61.2,21.0,no
1962,26.6,37.6,37.8,51.2,1843,601,58.8,61.7,21.0,no
1963,27.0,37.1,37.9,52.0,1880,615,57.9,61.6,21.1,no
1964,26.9,37.1,37.2,53.1,1864,626,58.0,60.6,20.8,no
1965,26.8,37.3,37.7,52.4,1839,622,58.3,61.3,21.8,no
1966,26.3,38.1,37.8,53.2,1862,614,57.9,61.2,21.8,no
1967,26.5,37.7,38.2,54.3,1823,614,57.7,61.8,21.9,no
1968,27.2,36.8,38.0,54.6,1840,611,57.8,61.8,21.4,no
1969,26.9,37.1,38.2,53.8,1847,609,58.2,62.0,21.4,no
1970,26.6,37.6,38.4,50.8,1870,620,57.9,61.6,21.6,no
1971,26.4,37.9,38.6,53.7,1844,611,58.3,62.3,21.6,no
1972,26.4,37.9,35.2,53.2,1861,599,57.5,61.2,22.0,no
1973,26.6,37.6,39.3,52.0,1847,611,57.6,61.8,22.1,no
1974,26.9,37.2,37.0,53.1,1829,622,58.0,61.8,20.7,no
1975,26.6,37.7,38.1,52.9,1825,615,57.8,61.8,21.6,no
1976,27.2,36.8,37.0,51.0,1863,615,58.5,62.6,19.8,no
1977,27.2,36.7,36.2,51.5,1818,609,58.6,62.3,22.5,no
1978,26.6,37.5,38.1,53.7,1846,608,57.8,61.6,22.2,no
1979,26.6,37.6,38.8,52.1,1870,610,57.8,62.3,21.2,no
1980,26.6,37.6,38.6,57.5,1859,630,58.5,61.6,21.1,no
1981,26.5,37.8,38.6,54.9,1860,608,58.1,62.5,21.0,no
1982,26.3,38.0,38.6,53.1,1847,620,58.1,61.9,21.7,no
1983,26.8,37.3,36.4,54.1,1842,617,57.9,62.8,22.2,no
1984,26.9,37.2,36.3,50.6,1837,610,58.0,62.2,21.0,no
1985,27.0,37.0,38.4,52.8,1838,621,57.4,62.6,21.7,no
1986,27.1,36.8,39.4,53.0,1851,619,57.8,62.1,21.6,no
1987,26.3,38.0,35.9,53.3,1871,611,58.4,62.3,22.0,no
1988,26.8,37.3,38.7,54.2,1858,629,58.1,61.5,21.3,no
1989,26.7,37.4,36.3,53.9,1870,617,57.5,61.9,21.0,no
1990,26.9,37.2,38.2,52.0,1857,624,58.6,61.9,21.4,no
1991,26.4,37.8,38.7,55.9,1872,612,58.0,62.2,21.5,no
1992,27.0,37.1,37.7,52.9,1867,610,58.1,61.8,21.9,no
1993,26.9,37.2,38.4,52.0,1847,602,57.7,62.3,21.1,no
1994,26.6,37.6,39.2,53.5,1852,617,57.6,61.3,21.4,no
1995,26.5,37.8,37.6,53.3,1857,606,57.6,62.2,20.1,no
1996,27.0,37.0,37.8,54.5,1827,618,57.9,62.0,20.9,no
1997,27.0,37.1,38.5,54.9,1873,606,58.0,61.3,21.5,no
1998,26.8,37.3,37.2,49.6,1855,611,57.7,61.6,21.0,no
1999,26.3,38.0,38.0,54.1,1816,612,57.8,61.8,21.7,no
2000,26.6,37.5,37.1,53.4,1846,612,57.6,61.7,21.3,no
2001,26.5,37.8,36.7,51.6,1844,619,57.0,61.3,20.3,no
2002,26.6,37.6,39.2,52.6,1821,606,57.6,62.3,22.1,no
2003,26.8,37.3,38.9,52.9,1866,613,58.4,62.1,21.5,no
2004,26.6,37.6,37.1,51.4,1878,617,58.6,61.9,21.8,no
2005,26.0,38.5,39.1,53.8,1853,610,57.8,61.1,20.3,no
2006,26.3,38.0,37.8,52.1,1855,620,57.3,61.9,21.2,no
2007,26.7,37.5,37.6,52.5,1874,618,58.7,62.1,21.4,no
2008,26.1,38.3,36.4,53.0,1840,625,58.1,62.6,20.7,no
2009,27.2,36.7,37.5,56.8,1832,613,58.1,62.2,20.6,no
2010,26.8,37.3,35.9,54.2,1818,597,58.4,61.8,20.6,no
2011,26.1,38.3,38.7,50.1,1842,617,58.4,62.5,21.0,no
2012,27.0,37.1,38.1,52.8,1841,621,57.6,62.2,21.9,no
2013,26.5,37.7,39.3,55.4,1857,611,57.6,62.1,22.3,no
2014,26.6,37.6,38.4,53.8,1864,621,58.5,62.3,20.8,no
2015,26.4,37.9,37.6,53.7,1834,600,57.7,61.8,20.7,no
2016,26.8,37.3,38.1,53.4,1842,623,58.3,61.5,20.7,no
2017,27.0,37.0,38.3,52.7,1883,611,58.1,61.6,22.1,no
2018,26.4,37.9,37.6,51.7,1865,614,58.5,61.6,20.8,no
2019,26.8,37.3,37.4,52.4,1842,621,58.4,61.5,21.5,no
2020,27.1,36.9,38.6,52.2,1839,623,57.9,62.5,20.3,no
2021,26.8,37.3,38.1,54.9,1855,620,57.9,62.1,22.1,no
2022,26.6,37.6,38.8,51.4,1850,619,58.0,61.3,21.5,no
2023,26.5,37.7,37.7,51.3,1837,599,58.1,62.5,21.8,no
2024,27.2,36.8,36.7,53.0,1862,616,56.8,62.2,20.5,no
2025,27.0,37.0,36.6,54.0,1847,609,57.9,62.3,21.0,no
2026,26.7,37.4,38.0,56.0,1875,603,57.4,61.6,20.3,no
2027,26.8,37.4,38.0,53.4,1879,614,58.3,61.8,21.0,no
2028,26.7,37.4,40.3,54.7,1861,617,58.0,61.9,22.1,no
2029,26.8,37.3,38.2,54.0,1859,614,58.3,62.2,21.8,no
2030,26.8,37.4,38.3,49.7,1844,604,58.6,62.3,21.4,no
2031,26.7,37.4,36.9,51.7,1861,616,57.4,61.8,20.3,no
2032,26.3,38.0,38.5,54.0,1837,617,57.8,61.9,21.0,no
2033,27.7,36.1,35.9,50.5,1818,615,57.4,61.4,21.1,no
2034,27.1,36.9,39.0,51.3,1844,597,58.0,63.1,21.1,no
2035,27.4,36.5,38.8,52.4,1862,606,58.1,61.9,21.8,no
2036,26.9,37.2,38.7,55.1,1867,620,57.9,61.4,22.1,no
2037,27.0,37.0,38.2,53.5,1835,609,57.9,61.7,21.4,no
2038,26.8,37.3,39.0,53.3,1832,616,58.1,61.3,21.1,no
2039,27.1,36.9,38.5,54.6,1867,618,58.0,62.4,21.8,no
2040,26.4,37.9,37.6,52.2,1839,608,58.3,62.4,21.5,no
2041,26.8,37.3,37.6,51.5,1877,600,58.1,61.4,21.9,no
2042,26.8,37.3,39.2,52.4,1838,613,58.7,62.1,21.3,no
2043,27.1,37.0,39.0,52.5,1884,602,57.4,61.7,22.1,no
2044,26.6,37.5,39.6,51.2,1847,612,58.5,62.6,22.3,no
2045,26.4,37.9,38.4,54.4,1842,615,57.5,62.3,20.6,no
2046,26.9,37.1,38.7,53.5,1857,612,57.8,61.4,22.0,no
2047,26.6,37.6,36.7,52.4,1844,625,57.3,62.4,21.7,no
2048,27.1,36.8,37.5,52.8,1840,605,58.2,62.2,21.9,no
2049,27.3,36.7,38.3,52.6,1851,591,57.5,61.9,22.5,no
2050,26.7,37.5,34.4,51.9,1853,621,57.6,62.0,19.6,no
2051,26.3,38.0,37.8,53.1,1873,617,58.4,61.8,22.2,no
2052,26.6,37.5,37.6,53.2,1851,620,58.0,62.2,20.7,no
2053,26.8,37.3,38.1,51.9,1859,621,58.1,62.7,20.0,no
2054,27.0,37.1,37.7,55.1,1871,601,58.5,62.2,22.0,no
2055,26.9,37.2,36.6,53.0,1850,605,58.4,62.4,21.6,no
2056,26.5,37.7,38.4,51.8,1807,612,58.6,62.2,20.9,no
2057,27.0,37.0,39.9,55.8,1860,609,58.3,62.8,21.9,no
2058,26.5,37.8,37.7,55.2,1862,599,57.5,61.6,22.1,no
2059,27.1,36.9,39.0,53.1,1861,619,58.1,61.3,20.5,no
2060,27.0,37.0,38.5,52.3,1852,610,58.3,61.6,20.5,no
2061,26.4,37.8,37.3,51.8,1826,609,58.7,62.3,21.6,no
2062,26.7,37.4,37.2,53.3,1874,606,58.5,62.1,21.5,no
2063,26.8,37.3,37.9,53.2,1871,618,58.1,62.8,20.6,no
2064,26.4,37.9,38.8,51.6,1823,615,57.4,61.9,20.4,no
2065,26.9,37.2,36.5,56.2,1838,616,58.1,62.3,22.6,no
2066,26.8,37.4,38.7,54.9,1841,614,57.6,61.9,21.9,no
2067,26.6,37.5,36.3,53.7,1850,610,57.7,61.4,22.2,no
2068,26.7,37.4,36.6,54.7,1867,617,57.4,62.0,22.1,no
2069,26.6,37.6,36.8,54.7,1862,602,57.8,62.0,20.6,no
2070,25.9,38.6,39.3,52.8,1873,607,58.3,62.3,22.0,no
2071,26.6,37.7,36.8,53.0,1853,615,57.9,61.5,21.7,no
2072,26.7,37.4,38.8,53.6,1832,624,57.7,61.6,21.8,no
2073,26.9,37.2,39.4,50.8,1844,634,57.7,61.6,21.2,no
2074,26.4,37.9,36.7,50.0,1849,621,57.9,62.0,21.0,no
2075,26.7,37.5,38.2,55.3,1849,612,58.1,62.8,21.6,no
2076,27.0,37.1,36.6,52.1,1878,625,57.4,62.0,21.7,no
2077,26.6,37.5,39.5,51.1,1853,611,58.3,62.2,20.6,no
2078,26.9,37.2,37.6,52.6,1874,612,58.5,61.7,22.6,no
2079,26.8,37.3,37.4,52.4,1854,603,58.0,61.2,21.3,no
2080,26.9,37.1,40.0,53.8,1834,599,58.0,61.9,22.4,no
2081,26.2,38.2,37.0,56.5,1858,607,57.5,62.5,21.4,no
2082,27.0,37.0,37.7,55.2,1853,613,57.8,61.6,21.0,no
2083,26.8,37.2,38.3,53.6,1854,623,58.3,61.8,21.4,no
2084,26.3,38.1,39.0,54.7,1866,613,58.2,61.5,19.7,no
2085,26.4,37.9,36.0,53.4,1831,613,57.9,62.0,20.9,no
2086,27.1,36.9,37.5,52.4,1861,610,57.5,61.9,21.6,no
2087,27.1,36.9,37.5,52.5,1848,602,57.5,61.8,20.6,no
2088,27.2,36.8,36.8,53.5,1827,603,58.1,62.0,21.1,no
2089,27.1,36.9,40.1,55.5,1835,596,58.5,62.1,22.2,no
2090,26.3,38.0,36.9,50.5,1835,612,58.3,61.5,22.2,no
2091,26.7,37.4,37.3,54.1,1848,622,59.0,62.0,21.4,no
2092,26.7,37.5,38.3,51.4,1855,604,57.6,62.9,21.5,no
2093,26.9,37.2,39.0,54.8,1863,616,57.4,61.6,20.4,no
2094,26.6,37.7,38.3,52.1,1876,609,57.2,61.5,20.6,no
2095,26.3,38.0,36.2,55.4,1872,606,57.3,62.2,22.4,no
2096,26.8,37.3,39.3,52.5,1861,611,58.2,61.7,22.3,no
2097,26.6,37.6,37.0,53.8,1842,612,58.1,61.8,20.8,no
2098,26.5,37.7,36.8,55.9,1855,624,58.4,62.2,20.5,no
2099,27.3,36.6,38.1,52.1,1855,606,58.5,62.6,22.1,no
2100,26.5,37.7,38.8,54.5,1877,605,58.0,62.0,22.0,no
2101,26.3,38.1,38.9,54.0,1877,617,57.9,61.7,20.9,no
2102,27.3,36.7,38.4,54.3,1837,624,57.7,62.3,22.2,no
2103,27.2,36.8,36.5,50.8,1849,615,57.0,61.5,20.9,no
2104,26.6,37.5,36.6,54.8,1845,613,58.1,62.2,21.1,no
2105,26.7,37.5,38.1,53.6,1846,612,57.8,61.9,22.4,no
2106,27.0,37.1,38.0,53.6,1856,631,58.0,62.6,21.5,no
2107,27.2,36.7,39.2,54.2,1845,605,57.8,62.7,21.3,no
2108,27.1,36.9,41.0,52.8,1836,597,57.8,62.1,21.5,no
2109,26.7,37.4,39.1,54.1,1806,609,58.1,61.5,20.7,no
2110,26.6,37.6,38.4,53.0,1871,626,58.0,61.8,20.3,no
2111,27.0,37.1,41.1,51.8,1843,607,58.2,62.4,21.9,no
2112,26.6,37.5,37.5,53.6,1860,602,58.2,61.8,20.4,no
2113,27.0,37.0,39.4,53.7,1874,610,58.4,62.1,21.2,no
2114,25.8,38.7,37.8,54.3,1825,626,57.5,62.0,21.2,no
2115,26.6,37.5,38.3,53.3,1827,615,58.2,61.7,22.6,no
2116,26.9,37.2,37.2,52.0,1856,605,58.4,62.1,21.9,no
2117,26.9,37.1,37.7,51.7,1863,613,58.2,61.5,21.8,no
2118,26.7,37.4,36.5,50.5,1853,599,57.9,61.4,21.0,no
2119,26.6,37.5,38.0,53.3,1870,623,58.2,61.9,21.4,no
2120,26.9,37.2,38.2,53.2,1842,623,58.6,62.2,21.7,no
2121,26.8,37.3,38.4,53.8,1885,613,58.6,61.7,20.7,no
2122,26.6,37.6,37.0,50.2,1866,617,57.7,62.7,21.3,no
2123,26.6,37.6,38.5,53.8,1868,599,58.1,61.9,21.4,no
2124,26.8,37.4,39.7,52.9,1819,627,57.7,61.5,20.9,no
2125,26.8,37.3,35.8,52.2,1896,607,57.3,62.0,21.2,no
2126,27.1,36.9,38.2,54.1,1840,623,57.7,61.8,21.5,no
2127,26.7,37.4,37.6,55.5,1853,619,58.5,61.9,21.1,no
2128,26.3,38.0,37.1,54.1,1851,611,57.5,62.8,21.4,no
2129,27.2,36.8,36.4,56.2,1845,612,57.5,61.9,21.3,no
2130,26.5,37.8,37.1,53.1,1826,599,58.4,61.9,21.3,no
2131,27.0,37.0,37.6,54.9,1865,616,58.1,62.1,21.9,no
2132,27.1,36.9,38.5,54.8,1863,605,58.6,61.6,20.9,no
2133,26.8,37.3,39.8,52.8,1859,623,58.0,62.5,20.6,no
2134,26.9,37.2,37.7,54.4,1832,606,57.9,62.5,19.8,no
2135,26.7,37.4,38.7,52.5,1853,604,58.1,61.8,21.3,no
2136,27.1,36.9,37.5,53.8,1857,616,57.8,62.2,20.5,no
2137,26.5,37.8,37.3,52.7,1857,613,58.4,62.9,21.8,no
2138,26.7,37.5,38.6,56.1,1846,613,58.0,61.9,20.8,no
2139,27.1,36.9,37.3,54.5,1853,611,58.0,61.5,21.7,no
2140,26.7,37.4,40.1,55.3,1847,614,57.8,62.2,21.6,no
2141,26.8,37.3,38.0,54.9,1841,629,57.4,62.2,22.2,no
2142,26.4,37.8,37.3,51.7,1824,621,58.5,62.3,21.2,no
2143,26.7,37.5,35.6,53.9,1848,617,57.6,61.3,21.5,no
2144,26.6,37.6,38.2,55.0,1851,608,57.6,62.1,21.7,no
2145,26.4,37.8,37.8,52.1,1860,618,58.3,62.5,21.3,no
2146,27.4,36.5,40.1,51.0,1870,623,58.0,61.8,21.9,no
2147,26.7,37.5,38.8,50.6,1836,622,57.8,61.5,20.6,no
2148,26.9,37.1,39.8,52.0,1868,605,58.5,62.3,21.3,no
2149,26.9,37.2,39.2,57.5,1844,610,57.9,62.0,20.7,no
2150,26.9,37.2,37.7,51.6,1844,597,57.8,61.8,21.7,no
2151,26.4,37.8,37.8,54.3,1833,597,58.1,61.7,21.0,no
2152,26.6,37.6,38.5,54.8,1851,607,58.0,61.8,21.4,no
2153,27.0,37.0,38.8,53.6,1827,601,58.1,62.6,20.8,no
2154,26.8,37.3,37.9,52.3,1864,611,58.5,62.5,22.0,no
2155,27.4,36.5,39.2,54.5,1870,605,58.0,62.1,22.0,no
2156,26.7,37.5,38.6,53.2,1857,612,58.6,61.8,21.3,no
2157,26.8,37.3,37.7,52.9,1844,614,58.2,61.8,20.6,no
2158,26.7,37.4,39.7,53.7,1861,618,58.3,62.1,21.0,no
2159,26.6,37.6,40.0,51.0,1839,613,58.2,61.6,20.8,no
2160,26.4,37.8,37.3,51.7,1857,614,58.2,62.0,21.7,no
2161,26.4,37.9,37.5,53.6,1831,611,57.6,62.4,20.7,no
2162,26.7,37.4,35.8,52.9,1873,622,57.9,62.8,20.6,no
2163,26.5,37.8,38.9,54.3,1871,617,58.1,61.7,21.5,no
2164,27.0,37.0,37.3,54.4,1845,604,58.4,61.4,21.3,no
2165,26.7,37.4,37.9,51.5,1870,602,58.2,61.9,20.0,no
2166,26.9,37.2,38.5,51.5,1881,608,58.0,62.6,21.7,no
2167,26.3,38.0,38.1,55.2,1844,607,58.1,62.4,21.2,no
2168,27.0,37.1,38.7,53.9,1859,615,58.5,62.6,21.8,no
2169,26.6,37.6,36.5,51.7,1857,608,58.2,61.7,21.6,no
2170,26.8,37.4,37.7,51.3,1820,605,57.3,61.2,21.6,no
2171,26.1,38.4,39.0,53.1,1832,602,58.2,61.9,21.2,no
2172,26.7,37.5,38.8,52.4,1835,602,58.0,62.3,21.1,no
2173,26.3,38.1,38.3,52.7,1849,631,58.3,62.0,22.5,no
2174,26.9,37.1,38.5,53.0,1864,611,58.3,61.3,21.2,no
2175,26.5,37.8,39.0,51.8,1848,603,57.6,62.5,20.3,no
2176,26.8,37.3,36.7,50.3,1846,606,57.8,62.4,20.0,no
2177,26.7,37.5,38.7,52.3,1813,614,57.4,61.3,20.8,no
2178,27.0,37.1,37.9,49.2,1837,616,58.5,61.8,21.8,no
2179,26.6,37.7,37.4,49.8,1859,611,57.8,62.3,21.5,no
2180,27.3,36.6,39.7,51.6,1836,628,57.9,62.2,20.7,no
2181,26.9,37.1,40.1,54.2,1843,621,57.4,62.5,21.0,no
2182,26.7,37.4,37.9,54.2,1850,616,57.6,62.5,22.0,no
2183,27.2,36.7,37.5,52.0,1900,605,58.6,61.8,22.2,no
2184,26.2,38.2,37.6,52.9,1838,614,57.9,62.3,20.4,no
2185,26.9,37.1,38.2,54.8,1839,612,58.6,61.9,21.1,no
2186,26.8,37.3,38.8,54.0,1839,625,58.2,61.9,21.0,no
2187,26.9,37.2,37.8,54.2,1845,617,58.2,62.3,21.2,no
2188,26.5,37.7,36.5,51.7,1834,623,58.0,62.8,20.9,no
2189,26.4,37.8,38.2,54.8,1843,609,57.6,61.4,21.5,no
2190,26.6,37.6,37.4,51.7,1840,614,57.6,62.1,20.1,no
2191,26.8,37.3,38.6,55.4,1853,608,58.5,61.7,21.6,no
2192,26.9,37.2,39.3,51.5,1813,619,58.8,62.4,20.3,no
2193,26.8,37.3,38.7,53.9,1853,616,58.2,61.8,21.1,no
2194,26.9,37.1,37.6,55.3,1848,615,58.3,62.1,22.1,no
2195,26.3,38.0,37.9,56.3,1829,612,57.9,61.9,22.2,no
2196,26.7,37.5,39.7,54.1,1840,606,58.4,62.6,21.7,no
2197,26.9,37.2,34.9,52.2,1816,609,58.1,61.6,21.1,no
2198,27.1,36.9,36.4,51.4,1841,609,58.0,62.2,22.3,no
2199,27.2,36.8,39.0,51.9,1872,615,58.0,62.0,21.6,no
2200,27.0,37.1,38.6,51.4,1824,618,58.0,62.3,20.1,no
2201,26.4,37.8,39.5,53.8,1855,614,58.1,62.0,21.2,no
2202,26.7,37.4,38.8,54.4,1851,607,58.2,61.7,21.0,no
2203,26.7,37.5,37.6,55.2,1816,599,58.3,62.0,21.5,no
2204,26.9,37.2,38.8,50.8,1871,625,57.6,61.3,21.0,no
2205,26.8,37.3,38.6,53.7,1831,613,57.7,62.6,22.5,no
2206,26.5,37.7,37.9,50.9,1842,610,58.9,61.7,21.2,no
2207,26.7,37.4,37.2,50.8,1851,619,58.8,62.0,20.8,no
2208,27.0,37.1,39.6,51.0,1843,615,58.4,61.9,20.5,no
2209,27.4,36.5,36.7,55.1,1877,614,58.2,61.8,20.0,no
2210,27.3,36.7,36.7,52.3,1862,622,57.7,61.9,21.4,no
2211,26.6,37.6,36.3,53.3,1853,605,58.6,61.2,21.6,no
2212,26.8,37.4,38.7,55.5,1841,608,57.7,62.3,21.4,no
2213,26.8,37.3,35.9,52.7,1834,616,57.9,62.1,20.9,no
2214,26.5,37.7,38.9,51.9,1838,598,58.5,61.8,21.4,no
2215,26.8,37.4,38.3,56.5,1835,595,57.8,62.4,21.1,no
2216,26.4,37.9,38.6,52.4,1845,607,57.8,62.5,21.8,no
2217,26.7,37.4,38.2,55.1,1862,615,57.8,62.1,21.3,no
2218,26.8,37.3,37.1,50.7,1844,611,57.7,62.9,21.1,no
2219,27.4,36.5,37.4,51.3,1864,603,57.8,61.7,21.9,no
2220,26.7,37.5,37.4,53.1,1853,602,58.5,62.3,21.7,no
2221,27.0,37.1,37.7,51.3,1860,631,57.7,61.0,20.6,no
2222,27.0,37.0,36.9,54.9,1816,622,58.6,61.8,21.1,no
2223,26.8,37.3,37.5,55.1,1868,623,57.9,62.2,21.6,no
2224,26.6,37.5,39.0,55.6,1860,613,58.2,62.1,20.5,no
2225,26.7,37.5,37.4,54.5,1891,593,57.6,61.8,20.6,no
2226,26.7,37.4,36.9,52.2,1863,602,57.7,62.2,21.3,no
2227,27.0,37.0,36.9,53.6,1829,596,58.1,61.9,21.8,no
2228,27.0,37.0,39.5,51.6,1859,627,58.4,62.1,22.1,no
2229,26.8,37.3,37.7,54.6,1803,610,57.5,61.8,21.3,no
2230,26.4,37.8,39.8,53.6,1844,609,57.9,61.7,21.8,no
2231,27.1,36.9,38.4,52.1,1867,615,58.1,62.2,20.8,no
2232,27.0,37.0,37.4,51.2,1832,618,58.5,61.7,23.0,no
2233,26.9,37.2,38.8,52.4,1843,619,57.7,62.1,21.8,no
2234,26.2,38.1,37.0,54.6,1836,611,58.0,62.2,20.5,no
2235,27.3,36.7,37.2,53.8,1836,600,58.0,62.6,22.1,no
2236,26.9,37.1,36.4,52.0,1826,624,58.0,62.5,21.4,no
2237,26.9,37.2,38.4,49.5,1856,618,57.5,62.3,21.2,no
2238,26.3,38.0,38.9,52.9,1845,598,57.2,61.9,21.2,no
2239,26.7,37.4,38.9,54.3,1837,620,58.4,62.4,21.3,no
2240,26.5,37.7,36.9,53.3,1839,619,58.2,62.5,21.4,no
2241,27.1,36.9,39.3,52.7,1844,614,58.0,62.1,21.4,no
2242,27.0,37.1,39.5,54.5,1871,618,57.3,61.7,22.6,no
2243,26.8,37.3,36.9,54.2,1871,621,57.2,62.2,21.6,no
2244,26.9,37.2,37.6,51.5,1839,602,58.5,61.1,21.1,no
2245,26.5,37.7,38.9,52.7,1824,597,58.0,62.4,20.0,no
2246,26.9,37.2,37.3,53.9,1858,616,57.6,61.9,21.8,no
2247,26.5,37.7,39.2,53.6,1874,618,58.5,62.6,22.3,no
2248,26.6,37.6,37.3,51.4,1849,611,58.0,62.4,21.9,no
2249,26.9,37.1,34.5,54.2,1872,600,58.1,61.9,20.3,no
2250,27.0,37.0,37.8,53.8,1837,620,57.9,62.7,20.5,no
2251,26.7,37.5,41.8,52.6,1834,607,58.1,61.9,21.1,no
2252,26.9,37.2,37.8,53.8,1856,617,58.2,61.3,22.4,no
2253,26.6,37.6,36.0,52.7,1869,610,58.3,62.6,20.5,no
2254,26.7,37.4,38.5,53.5,1894,629,57.8,61.8,20.9,no
2255,27.5,36.4,39.3,53.0,1888,615,58.0,62.3,22.4,no
2256,26.3,38.0,38.2,55.9,1835,607,57.1,62.3,21.7,no
2257,26.5,37.7,38.3,54.1,1832,601,57.7,62.8,21.8,no
2258,26.8,37.3,35.8,53.3,1848,616,58.1,62.5,21.4,no
2259,26.7,37.4,37.7,51.4,1891,609,58.0,61.9,21.4,no
2260,26.3,38.1,38.2,52.1,1822,617,58.1,62.0,20.9,no
2261,26.5,37.8,35.4,52.4,1887,607,58.7,62.3,22.2,no
2262,26.8,37.4,36.6,51.6,1859,598,58.7,62.5,22.5,no
2263,26.8,37.3,37.8,53.4,1871,623,57.4,61.5,21.7,no
2264,27.0,37.1,37.2,52.1,1842,594,58.3,62.5,21.9,no
2265,26.7,37.5,36.9,52.4,1872,618,58.2,61.5,21.1,no
2266,26.7,37.4,38.2,50.9,1873,611,57.9,61.0,20.8,no
2267,27.2,36.7,38.4,54.8,1857,616,58.1,62.1,21.6,no
2268,26.7,37.5,37.6,53.0,1803,604,57.3,61.8,21.3,no
2269,26.1,38.3,36.0,52.1,1867,626,58.3,61.7,20.5,no
2270,26.4,37.9,39.3,51.8,1871,605,57.8,61.8,21.0,no
2271,26.8,37.3,37.3,55.3,1857,614,58.4,62.8,20.0,no
2272,26.7,37.4,38.5,53.7,1855,612,58.1,61.8,22.1,no
2273,26.9,37.1,36.9,55.1,1888,610,57.3,62.7,20.5,no
2274,26.4,37.9,37.9,53.2,1898,619,57.9,62.4,21.3,no
2275,27.1,36.9,38.1,53.9,1850,601,57.8,62.3,21.3,no
2276,26.5,37.8,37.4,53.7,1866,605,57.7,62.4,20.7,no
2277,26.9,37.2,40.8,53.9,1824,599,57.5,62.3,20.7,no
2278,26.9,37.1,37.3,53.2,1863,612,58.4,61.8,21.0,no
2279,26.8,37.3,37.4,53.3,1870,597,57.9,62.1,21.6,no
2280,27.0,37.1,36.6,56.3,1847,616,58.0,62.2,20.7,no
2281,26.7,37.4,38.7,51.7,1864,616,58.0,61.4,20.9,no
2282,27.2,36.8,35.4,51.1,1867,616,58.3,61.4,21.5,no
2283,26.5,37.8,37.8,52.4,1863,608,57.4,61.9,21.5,no
2284,26.7,37.5,37.5,50.1,1826,604,58.3,62.1,21.6,no
2285,26.8,37.3,36.2,54.2,1845,613,58.1,61.9,21.0,no
2286,26.9,37.2,36.9,54.3,1820,603,57.9,61.5,21.7,no
2287,27.6,36.2,39.4,52.1,1854,611,58.0,61.8,20.9,no
2288,26.5,37.7,37.3,53.3,1861,610,58.0,62.0,21.5,no
2289,26.2,38.2,37.7,50.4,1852,600,57.3,62.1,20.7,no
2290,26.3,38.0,38.9,54.2,1887,608,58.0,61.3,21.1,no
2291,26.6,37.6,38.4,53.4,1874,616,57.9,61.6,21.7,no
2292,26.6,37.5,37.4,53.2,1857,618,57.6,61.7,21.8,no
2293,26.8,37.3,39.3,55.5,1840,620,58.5,61.4,19.9,no
2294,27.3,36.7,37.5,52.8,1865,602,58.3,62.0,21.7,no
2295,26.5,37.7,38.1,52.7,1866,619,58.8,62.3,22.1,no
2296,26.8,37.3,37.8,52.0,1852,612,58.6,61.7,21.0,no
2297,27.2,36.8,39.5,53.1,1852,623,57.9,62.2,22.0,no
2298,26.7,37.5,37.3,53.3,1842,621,58.2,62.4,22.2,no
2299,26.7,37.5,36.2,54.1,1859,620,57.6,61.9,20.3,no
2300,26.2,38.1,38.0,49.8,1872,616,58.6,61.5,20.8,no
2301,27.0,37.0,37.9,50.9,1883,616,57.4,62.4,20.2,no
2302,26.2,38.2,38.3,51.9,1836,623,58.0,61.8,20.3,no
2303,27.5,36.4,37.2,53.3,1882,628,58.2,62.5,20.8,no
2304,26.7,37.5,38.6,52.4,1865,620,56.9,61.9,22.1,no
2305,26.8,37.3,37.9,53.3,1859,620,57.8,61.3,20.3,no
2306,26.4,37.8,39.2,51.6,1869,603,57.5,62.3,21.1,no
2307,26.1,38.3,36.3,53.3,1850,608,57.8,61.7,21.4,no
2308,27.0,37.0,37.8,54.5,1862,604,57.8,62.0,21.4,no
2309,26.5,37.7,34.7,50.9,1848,605,57.9,61.8,20.6,no
2310,26.7,37.5,38.5,52.3,1862,606,58.4,61.9,21.0,no
2311,26.5,37.8,36.6,50.4,1860,617,58.2,62.5,20.7,no
2312,26.6,37.6,38.3,51.8,1835,602,58.0,62.0,21.8,no
2313,26.4,37.9,38.8,51.3,1854,618,57.3,62.1,22.2,no
2314,26.6,37.5,37.5,51.1,1861,601,57.5,62.1,21.3,no
2315,26.9,37.2,38.3,52.5,1868,611,57.6,61.6,22.1,no
2316,27.3,36.7,39.3,52.6,1818,616,58.3,62.3,21.2,no
2317,26.5,37.7,39.4,51.1,1866,603,58.1,61.8,21.1,no
2318,27.0,37.1,35.7,54.1,1881,606,58.3,62.5,21.2,no
2319,26.8,37.3,38.3,51.5,1806,624,58.1,62.2,21.6,no
2320,26.8,37.3,39.5,53.0,1864,626,58.2,62.4,22.1,no
2321,26.7,37.4,38.4,54.7,1835,619,58.2,62.6,21.3,no
2322,26.9,37.2,37.4,53.0,1876,612,57.3,62.1,20.7,no
2323,27.2,36.7,37.8,53.4,1862,612,58.7,61.8,22.7,no
2324,26.6,37.5,36.8,54.4,1822,609,57.6,62.3,22.2,no
2325,26.8,37.4,37.2,53.1,1848,619,57.9,62.5,21.2,no
2326,27.1,36.9,38.0,51.3,1806,625,57.5,62.2,21.6,no
2327,26.7,37.4,38.1,53.7,1865,618,57.5,62.3,21.2,no
2328,26.7,37.4,41.0,51.7,1846,615,58.1,62.9,20.7,no
2329,26.5,37.8,37.0,49.8,1857,620,57.5,61.1,21.9,no
2330,26.6,37.6,39.8,55.4,1856,611,58.4,62.5,20.8,no
2331,27.0,37.1,37.7,53.9,1854,605,57.8,62.1,20.9,no
2332,26.9,37.1,38.3,54.7,1876,614,57.8,61.6,21.0,no
2333,27.0,37.0,37.4,51.9,1845,600,57.8,62.5,21.4,no
2334,26.3,38.0,37.8,54.2,1864,612,58.8,62.0,21.9,no
2335,26.8,37.4,36.8,52.9,1881,619,58.1,61.9,20.9,no
2336,27.1,36.9,37.2,54.9,1849,614,57.9,61.6,20.1,no
2337,27.0,37.1,39.1,53.0,1877,619,57.5,61.9,20.8,no
2338,26.9,37.1,37.0,52.4,1848,607,57.7,61.8,22.1,no
2339,26.8,37.3,38.2,53.5,1879,593,57.8,62.3,20.8,no
2340,26.8,37.3,38.3,51.8,1847,613,57.9,62.2,21.5,no
2341,27.2,36.7,37.6,50.6,1839,607,58.3,62.3,21.5,no
2342,26.8,37.4,36.5,53.7,1832,614,57.8,62.3,21.0,no
2343,26.7,37.5,37.8,52.0,1844,616,57.8,62.4,21.8,no
2344,26.6,37.6,35.9,50.9,1867,624,57.9,61.7,21.6,no
2345,26.4,37.8,37.8,53.5,1856,620,57.8,61.9,21.2,no
2346,26.6,37.5,38.4,52.8,1852,610,58.2,61.6,20.6,no
2347,26.6,37.6,36.6,52.8,1867,609,57.5,61.2,21.9,no
2348,26.6,37.6,38.1,51.8,1865,620,58.3,62.3,20.6,no
2349,26.5,37.7,36.5,53.7,1832,611,57.8,62.2,20.8,no
2350,26.5,37.7,36.9,54.6,1869,614,57.6,61.7,21.5,no
2351,27.4,36.4,37.5,52.7,1872,606,57.4,61.7,22.0,no
2352,27.1,36.9,37.2,55.1,1855,601,57.7,61.9,21.1,no
2353,26.5,37.7,38.9,53.6,1847,604,57.1,61.9,22.1,no
2354,26.9,37.2,36.3,51.8,1837,613,58.0,61.1,22.7,no
2355,27.0,37.0,39.7,51.9,1838,596,58.4,61.2,21.0,no
2356,26.9,37.1,39.0,54.0,1842,624,58.1,61.9,21.9,no
2357,27.1,36.8,37.1,53.5,1827,598,58.4,61.4,20.8,no
2358,27.1,36.8,39.4,52.1,1841,619,58.1,62.0,21.1,no
2359,27.0,37.1,39.4,53.5,1837,625,58.2,61.3,22.8,no
2360,26.5,37.7,37.4,52.3,1865,604,58.6,62.3,20.8,no
2361,27.2,36.7,37.9,54.7,1844,614,58.3,62.1,21.3,no
2362,27.0,37.1,36.3,53.6,1840,621,58.1,61.9,21.2,no
2363,26.4,37.9,37.5,51.7,1836,598,58.2,61.6,20.4,no
2364,26.4,37.9,39.2,55.4,1841,621,58.1,62.7,22.3,no
2365,26.9,37.2,36.2,53.3,1821,612,57.4,62.1,22.0,no
2366,26.6,37.6,37.9,52.8,1855,625,58.2,62.2,22.1,no
2367,26.4,37.9,38.6,52.7,1810,625,57.8,62.5,21.1,no
2368,26.8,37.4,36.5,54.5,1860,621,58.3,61.4,21.1,no
2369,26.5,37.7,38.5,54.2,1841,616,57.9,61.7,21.4,no
2370,26.9,37.2,38.9,55.0,1852,604,57.3,62.5,20.3,no
2371,27.1,36.9,36.4,52.4,1846,607,58.0,62.6,21.3,no
2372,27.5,36.4,37.6,54.6,1846,627,57.7,62.2,20.8,no
2373,26.7,37.4,39.0,53.5,1826,621,58.0,62.5,22.2,no
2374,26.6,37.5,39.1,54.2,1869,610,57.9,61.9,21.1,no
2375,26.7,37.4,36.8,53.1,1861,596,57.6,61.9,22.0,no
2376,26.1,38.3,38.8,55.1,1872,609,57.8,62.2,21.3,no
2377,26.8,37.3,37.4,52.3,1893,635,57.1,62.2,21.4,no
2378,27.3,36.7,37.9,53.4,1843,619,57.9,63.1,21.1,no
2379,26.9,37.2,38.6,51.6,1889,626,58.2,62.0,20.6,no
2380,26.4,37.8,37.7,51.1,1867,621,57.8,61.6,21.0,no
2381,27.2,36.8,38.0,51.8,1841,621,57.9,61.9,20.7,no
2382,26.7,37.4,39.3,53.8,1832,619,58.0,62.0,20.0,no
2383,26.7,37.4,37.9,53.7,1839,605,58.0,62.3,20.8,no
2384,26.9,37.2,38.1,51.4,1829,613,58.2,61.9,20.2,no
2385,26.7,37.5,36.0,53.6,1845,626,59.1,61.7,21.2,no
2386,26.5,37.8,39.4,53.5,1821,614,58.3,62.1,20.4,no
2387,26.8,37.3,37.8,54.0,1852,601,57.4,62.2,21.3,no
2388,26.7,37.4,36.4,52.6,1832,612,58.1,61.8,21.9,no
2389,26.8,37.3,37.9,53.9,1848,616,58.4,61.3,21.1,no
2390,26.6,37.5,37.4,52.5,1862,611,58.3,62.1,21.5,no
2391,26.3,38.0,38.1,55.5,1833,602,57.7,62.3,20.4,no
2392,26.6,37.5,37.7,52.2,1826,607,58.2,61.7,21.4,no
2393,27.1,36.9,37.6,52.5,1830,618,58.4,62.2,22.1,no
2394,26.8,37.3,36.6,52.8,1829,612,57.5,62.1,21.0,no
2395,26.8,37.4,38.7,54.5,1834,618,58.1,62.2,19.6,no
2396,26.8,37.3,39.2,53.4,1865,610,58.4,61.6,21.6,no
2397,26.3,38.0,37.2,52.6,1855,616,57.7,62.3,22.0,no
2398,26.9,37.2,38.3,53.2,1868,602,58.5,62.8,21.4,no
2399,27.2,36.8,37.7,52.1,1889,613,57.8,62.1,20.7,no
2400,26.4,37.9,38.5,53.9,1853,620,57.9,61.9,21.1,no
2401,27.0,37.0,39.1,55.1,1851,613,57.5,62.1,22.2,no
2402,26.4,37.8,38.4,54.7,1859,614,57.6,61.9,21.4,no
2403,26.4,37.8,40.5,51.6,1852,606,58.7,62.1,20.7,no
2404,26.7,37.5,35.1,54.4,1800,619,58.2,62.2,20.3,no
2405,26.8,37.4,36.2,54.2,1865,611,59.0,62.4,21.3,no
2406,26.9,37.2,38.1,54.4,1845,616,58.4,62.5,22.3,no
2407,26.7,37.5,36.4,52.8,1842,612,57.9,61.1,22.1,no
2408,26.9,37.1,38.7,53.2,1832,614,58.2,62.5,22.4,no
2409,26.9,37.2,38.5,50.3,1874,627,57.8,62.0,20.9,no
2410,26.7,37.4,39.2,51.8,1850,616,58.7,61.8,21.2,no
2411,26.7,37.5,37.4,49.7,1866,620,58.8,62.6,21.4,no
2412,26.3,38.0,37.1,51.5,1847,604,58.0,61.7,21.9,no
2413,27.0,37.0,39.0,54.2,1868,597,58.6,61.9,21.7,no
2414,26.1,38.3,36.7,53.0,1851,605,57.9,62.0,21.3,no
2415,27.2,36.8,37.5,53.5,1850,615,58.3,62.1,19.9,no
2416,26.8,37.3,35.2,53.4,1868,601,58.1,61.1,21.4,no
2417,26.6,37.6,39.5,53.2,1842,611,58.1,62.3,22.1,no
2418,27.0,37.1,37.7,54.5,1850,614,58.2,62.2,21.3,no
2419,26.8,37.4,36.6,52.9,1849,611,58.2,62.1,21.7,no
2420,26.6,37.6,38.4,53.1,1855,629,58.3,62.0,21.2,no
2421,26.4,37.9,38.6,53.0,1866,612,57.9,61.6,21.4,no
2422,26.4,37.9,39.5,55.0,1838,599,58.2,62.0,21.3,no
2423,26.1,38.4,37.4,53.4,1837,616,58.0,61.4,21.5,no
2424,27.4,36.5,36.1,52.6,1828,611,57.3,61.9,21.3,no
2425,26.9,37.1,37.1,56.4,1844,599,57.6,63.1,20.9,no
2426,26.5,37.7,37.0,55.4,1853,605,58.0,62.1,20.7,no
2427,26.4,37.9,35.4,54.9,1839,609,58.1,62.1,21.2,no
2428,26.6,37.6,38.7,52.2,1841,617,57.7,61.6,21.4,no
2429,27.2,36.7,40.3,52.8,1848,618,58.3,62.0,21.3,no
2430,26.5,37.8,40.6,51.4,1863,609,57.9,62.1,21.3,no
2431,26.9,37.2,38.3,53.3,1838,601,58.3,61.7,21.0,no
2432,26.6,37.6,37.9,52.4,1832,621,58.2,61.4,21.4,no
2433,27.4,36.5,37.9,53.8,1834,606,57.4,61.6,21.2,no
2434,26.6,37.6,38.6,52.6,1847,602,58.3,62.1,21.1,no
2435,26.6,37.5,41.9,53.9,1843,608,57.6,62.9,22.6,no
2436,26.5,37.7,37.7,51.7,1858,613,58.1,61.0,21.4,no
2437,27.2,36.8,38.2,52.8,1842,622,58.2,60.9,21.0,no
2438,27.0,37.0,38.4,54.5,1855,613,57.8,62.1,20.2,no
2439,26.6,37.6,36.0,52.6,1843,602,57.9,62.0,21.3,no
2440,26.4,37.9,38.5,52.5,1873,621,58.4,61.8,22.8,no
2441,26.9,37.2,37.1,53.0,1848,604,57.6,62.0,20.9,no
2442,26.5,37.7,37.8,54.3,1836,623,57.8,62.6,20.1,no
2443,26.7,37.5,37.8,53.2,1871,589,58.2,61.7,21.6,no
2444,26.9,37.1,39.9,53.7,1852,621,58.0,61.4,20.9,no
2445,26.9,37.2,38.4,52.2,1874,612,57.6,62.2,21.3,no
2446,26.3,38.0,40.2,49.5,1842,611,57.0,62.3,20.9,no
2447,27.3,36.6,38.4,52.3,1834,609,57.6,62.5,21.2,no
2448,26.2,38.2,37.0,54.0,1845,622,56.7,62.5,22.6,no
2449,26.6,37.6,37.2,51.1,1837,605,58.3,61.5,20.9,no
2450,26.8,37.3,38.1,51.7,1850,615,57.5,62.0,21.4,no
2451,26.6,37.6,39.0,50.9,1827,621,57.9,62.3,21.6,no
2452,26.9,37.2,40.0,53.0,1856,614,58.1,61.6,21.5,no
2453,26.9,37.2,39.0,52.8,1846,607,58.6,61.9,21.7,no
2454,26.5,37.7,37.5,51.2,1868,622,57.7,62.0,20.4,no
2455,26.8,37.4,36.6,53.4,1840,609,58.1,62.6,21.3,no
2456,26.4,37.9,37.1,48.4,1830,610,57.9,62.7,20.5,no
2457,27.2,36.7,38.6,53.4,1855,627,58.5,60.8,22.0,no
2458,26.6,37.6,37.5,53.5,1839,608,58.1,61.8,20.9,no
2459,26.9,37.1,38.0,52.3,1829,611,59.0,62.0,21.6,no
2460,26.8,37.3,37.5,52.8,1887,594,58.0,62.1,20.1,no
2461,27.3,36.7,40.8,52.4,1824,599,58.2,62.1,21.7,no
2462,26.6,37.6,36.4,53.0,1853,608,58.5,62.4,22.6,no
2463,27.2,36.8,39.8,50.4,1867,600,58.4,62.3,21.5,no
2464,26.7,37.5,38.0,52.3,1829,607,58.0,61.9,19.9,no
2465,27.1,36.9,38.0,53.8,1826,602,57.8,62.3,20.4,no
2466,26.7,37.5,37.3,54.7,1873,613,58.0,61.9,21.9,no
2467,27.0,37.1,36.1,53.2,1851,611,58.3,62.3,20.3,no
2468,27.4,36.5,35.8,49.9,1854,613,57.9,61.8,21.6,no
2469,26.4,37.9,39.4,53.0,1818,604,57.0,61.4,22.3,no
2470,26.6,37.6,36.1,55.1,1862,608,57.6,62.1,21.6,no
2471,26.2,38.1,39.9,51.2,1844,600,57.9,61.6,21.3,no
2472,26.8,37.3,39.8,55.0,1830,605,57.8,62.7,21.3,no
2473,26.6,37.6,36.8,51.0,1835,615,59.2,62.3,21.2,no
2474,27.3,36.7,37.0,52.4,1878,611,58.7,62.1,20.9,no
2475,27.1,36.8,35.5,53.0,1887,612,58.3,61.8,21.7,no
2476,26.6,37.6,38.1,52.9,1817,610,58.6,61.5,21.7,no
2477,26.6,37.7,35.5,53.3,1889,597,58.6,61.8,21.1,no
2478,26.4,37.8,37.5,51.9,1825,608,57.4,61.5,22.3,no
2479,26.5,37.7,36.7,50.8,1854,612,58.6,61.7,20.7,no
2480,26.6,37.5,38.2,51.6,1862,612,57.9,62.1,20.8,no
2481,26.6,37.6,35.6,51.3,1861,606,57.9,61.7,20.6,no
2482,26.6,37.6,37.3,53.9,1849,608,57.7,62.7,21.0,no
2483,27.0,37.1,39.4,49.6,1851,621,58.2,61.5,21.3,no
2484,26.8,37.3,37.9,52.4,1877,605,58.2,61.9,21.7,no
2485,27.1,37.0,38.0,52.3,1842,613,57.4,61.6,21.5,no
2486,26.8,37.2,38.2,52.0,1831,618,58.1,61.3,21.6,no
2487,26.9,37.2,36.8,53.2,1833,613,57.9,60.8,21.5,no
2488,26.9,37.2,36.8,53.8,1867,606,58.3,62.0,21.4,no
2489,27.1,36.9,38.2,50.6,1831,612,58.7,62.0,22.1,no
2490,26.7,37.5,38.8,50.4,1864,609,58.3,62.0,22.0,no
2491,26.6,37.7,37.6,51.8,1869,608,58.1,62.1,20.7,no
2492,26.7,37.5,37.9,51.7,1843,589,58.2,61.8,20.7,no
2493,26.5,37.8,39.3,53.5,1854,611,57.8,61.7,21.5,no
2494,26.3,38.1,38.7,51.7,1867,613,57.8,61.0,21.8,no
2495,26.5,37.8,37.2,51.8,1873,613,57.9,61.3,21.9,no
2496,26.8,37.4,37.3,52.6,1892,610,57.6,61.9,21.2,no
2497,26.9,37.2,37.6,50.2,1838,613,57.9,62.1,20.3,no
2498,26.7,37.5,37.0,54.0,1838,600,58.3,61.9,20.6,no
2499,26.7,37.4,36.6,52.9,1876,616,57.8,62.4,21.4,no
2500,26.5,37.7,37.7,52.9,1863,608,57.9,62.1,20.8,no
2501,26.6,37.6,36.9,53.9,1861,615,58.1,62.4,20.7,no
2502,26.7,37.4,35.7,53.2,1890,620,58.1,62.1,21.5,no
2503,26.5,37.7,39.8,54.3,1853,601,58.2,62.0,20.5,no
2504,26.4,37.9,37.9,52.6,1862,607,58.2,61.7,22.3,no
2505,26.7,37.5,38.3,53.2,1862,602,58.2,62.8,21.6,no
2506,26.6,37.6,37.9,54.2,1846,622,57.8,61.9,21.9,no
2507,26.8,37.3,38.8,50.0,1846,613,57.2,61.8,20.9,no
2508,26.7,37.5,35.5,53.6,1845,613,58.4,61.8,19.9,no
2509,27.0,37.0,40.4,54.4,1863,610,58.3,62.7,20.0,no
2510,26.9,37.2,39.2,49.1,1873,623,58.2,62.3,21.6,no
2511,26.7,37.4,38.4,52.8,1874,613,58.0,61.3,21.3,no
2512,26.5,37.8,39.6,53.4,1817,594,57.7,62.6,20.7,no
2513,26.4,37.8,37.6,53.6,1850,621,57.8,62.0,22.0,no
2514,26.9,37.1,38.9,54.1,1866,632,57.6,61.8,21.7,no
2515,27.0,37.0,41.1,51.6,1861,609,58.3,61.6,21.6,no
2516,26.9,37.1,37.9,51.1,1828,611,58.6,62.1,21.1,no
2517,26.7,37.4,38.0,53.4,1800,611,58.0,61.2,21.3,no
2518,26.3,38.0,39.8,54.3,1879,628,58.3,61.6,21.4,no
2519,26.3,38.0,39.6,52.9,1839,627,58.0,62.1,20.7,no
2520,26.5,37.7,38.0,53.9,1842,617,58.1,62.3,21.4,no
2521,26.8,37.3,37.9,53.7,1815,618,58.1,61.7,21.4,no
2522,26.6,37.6,39.2,53.2,1865,608,57.8,61.2,21.0,no
2523,27.1,36.9,37.2,53.2,1841,600,58.1,62.3,21.3,no
2524,26.4,37.8,37.7,51.7,1858,608,58.0,62.0,22.3,no
2525,26.7,37.4,37.5,53.0,1844,609,58.3,61.4,20.6,no
2526,26.7,37.5,36.9,51.4,1822,614,57.3,62.5,21.2,no
2527,26.6,37.6,39.1,52.5,1873,612,58.1,62.4,21.2,no
2528,26.4,37.9,37.0,50.0,1868,603,58.4,61.6,22.4,no
2529,27.2,36.8,39.4,53.2,1857,615,57.9,62.1,22.8,no
2530,26.7,37.4,36.8,52.1,1839,626,57.9,62.3,21.9,no
2531,26.5,37.7,38.6,51.5,1875,625,57.7,61.2,21.1,no
2532,26.7,37.4,40.4,52.6,1847,607,58.0,61.5,21.2,no
2533,26.8,37.4,38.8,52.2,1845,611,57.7,61.3,21.7,no
2534,26.8,37.3,36.8,54.0,1870,618,58.2,62.2,22.2,no
2535,27.3,36.6,39.4,51.3,1854,607,56.9,62.2,21.8,no
2536,26.6,37.5,37.0,53.4,1864,620,57.9,61.7,21.0,no
2537,26.3,38.0,37.6,51.3,1836,601,58.3,61.9,20.9,no
2538,27.1,36.9,39.4,54.0,1841,614,58.1,62.3,21.7,no
2539,27.0,37.1,36.3,52.5,1871,605,58.3,62.1,21.1,no
2540,26.5,37.7,36.5,52.8,1841,617,57.3,62.0,21.2,no
2541,26.6,37.6,39.6,54.7,1849,618,57.3,62.3,20.6,no
2542,26.4,37.9,38.8,52.6,1857,608,57.8,61.9,21.4,no
2543,26.6,37.6,38.6,53.5,1844,611,57.8,61.9,20.1,no
2544,27.0,37.0,39.1,50.9,1848,604,58.3,61.1,22.1,no
2545,26.4,37.8,37.6,52.6,1848,607,58.1,61.2,21.3,no
2546,26.3,38.1,36.8,50.8,1866,612,57.9,62.5,20.9,no
2547,27.1,36.9,38.6,52.1,1872,600,57.8,62.1,20.8,no
2548,26.6,37.6,38.9,55.6,1812,622,57.8,62.2,20.8,no
2549,26.8,37.4,39.1,53.3,1859,612,58.0,61.8,21.2,no
2550,26.6,37.6,37.4,51.8,1863,616,57.8,62.0,22.1,no
2551,26.6,37.5,38.3,54.5,1842,630,58.3,62.4,21.3,no
2552,27.3,36.7,37.1,54.0,1818,611,59.0,62.4,22.1,no
2553,26.7,37.5,38.8,53.6,1851,613,57.7,61.9,22.0,no
2554,26.3,38.0,37.4,53.7,1822,603,57.9,61.8,21.9,no
2555,26.8,37.3,38.3,52.3,1842,622,58.0,62.2,21.4,no
2556,26.7,37.5,38.7,53.3,1883,602,57.8,62.9,21.6,no
2557,27.3,36.6,38.5,55.9,1849,602,57.2,62.4,21.5,no
2558,26.7,37.5,38.2,52.5,1876,609,58.3,62.1,21.7,no
2559,26.9,37.2,38.1,50.9,1850,603,58.8,62.0,21.8,no
2560,26.6,37.5,39.9,52.1,1885,618,57.9,62.3,21.8,no
2561,26.4,37.8,38.0,51.5,1868,613,58.1,61.3,21.6,no
2562,26.8,37.4,38.6,52.3,1851,616,58.5,61.5,22.1,no
2563,26.7,37.5,37.8,50.6,1850,609,57.9,61.8,21.0,no
2564,26.8,37.3,40.1,51.4,1851,612,57.8,62.4,22.2,no
2565,27.4,36.4,37.9,52.8,1867,615,57.9,62.3,21.5,no
2566,26.6,37.6,40.2,52.0,1873,613,58.0,62.4,20.5,no
2567,27.1,37.0,39.3,52.7,1871,609,58.5,61.9,20.6,no
2568,27.0,37.1,37.4,53.8,1846,603,57.5,61.4,21.7,no
2569,27.0,37.0,35.1,54.4,1835,608,58.1,62.5,21.6,no
2570,26.4,37.9,37.8,52.7,1846,614,57.7,62.3,21.7,no
2571,26.4,37.8,37.9,51.7,1847,616,58.0,62.0,21.5,no
2572,26.9,37.2,39.3,50.4,1836,616,57.9,62.3,20.5,no
2573,26.2,38.2,38.0,52.0,1865,612,58.0,62.4,21.6,no
2574,27.1,36.9,37.6,53.6,1848,611,57.5,62.4,21.8,no
2575,26.6,37.6,36.4,51.4,1868,615,58.6,61.3,21.1,no
2576,27.1,36.9,36.2,53.1,1859,600,57.7,62.1,20.6,no
2577,26.7,37.4,36.3,53.9,1854,606,57.7,62.2,21.1,no
2578,26.9,37.1,41.5,51.1,1851,602,57.5,62.4,20.2,no
2579,26.8,37.4,37.6,52.8,1838,608,58.5,62.6,21.4,no
2580,27.0,37.1,37.7,52.9,1821,613,57.6,61.9,20.7,no
2581,26.9,37.2,37.4,56.1,1854,614,58.0,61.5,21.5,no
2582,26.6,37.7,36.8,51.3,1829,615,58.1,61.5,21.3,no
2583,27.1,36.9,37.6,55.5,1859,614,58.4,62.5,21.0,no
2584,26.7,37.4,37.1,53.6,1867,623,58.4,61.8,20.9,no
2585,26.8,37.4,36.4,52.1,1856,611,57.9,61.5,21.9,no
2586,26.6,37.6,37.9,52.8,1807,614,57.6,63.1,21.3,no
2587,26.8,37.3,39.5,53.9,1840,605,58.4,62.1,22.3,no
2588,26.6,37.6,38.0,54.1,1852,618,57.8,61.9,20.7,no
2589,26.3,38.0,36.2,53.5,1883,609,58.2,61.4,20.8,no
2590,26.7,37.5,38.1,55.1,1843,611,57.2,62.1,21.1,no
2591,26.5,37.7,36.5,54.7,1860,612,58.4,61.7,21.2,no
2592,26.6,37.6,35.8,51.2,1840,608,58.1,61.1,21.2,no
2593,26.8,37.3,38.5,54.9,1852,630,58.0,61.8,21.1,no
2594,26.5,37.7,37.6,51.2,1861,627,58.1,62.5,22.0,no
2595,26.2,38.2,37.5,54.8,1856,616,58.1,62.2,20.4,no
2596,27.0,37.0,37.8,52.8,1821,619,57.6,62.9,20.5,no
2597,26.5,37.7,38.2,51.8,1844,605,57.5,61.8,21.9,no
2598,26.4,37.8,36.5,55.3,1863,602,58.4,62.4,21.6,no
2599,26.6,37.6,38.2,55.1,1854,610,58.2,62.0,21.9,no
2600,27.1,36.9,37.3,53.9,1800,620,57.5,62.3,21.5,no
2601,26.6,37.5,37.7,50.2,1869,603,57.8,61.7,22.4,no
2602,26.8,37.4,37.2,52.3,1878,617,57.8,62.6,21.3,no
2603,26.9,37.2,37.6,54.6,1853,610,58.8,62.5,20.8,no
2604,26.7,37.4,37.1,52.7,1839,620,57.4,62.4,21.7,no
2605,27.1,36.9,39.5,54.7,1852,629,57.9,62.4,22.0,no
2606,26.8,37.4,38.7,54.6,1874,604,57.6,62.2,21.1,no
2607,27.0,37.0,37.2,53.6,1842,623,58.8,61.9,21.5,no
2608,26.5,37.7,38.0,51.2,1865,616,57.9,61.6,20.8,no
2609,26.8,37.3,38.3,54.5,1887,586,58.3,61.9,22.2,no
2610,27.2,36.7,37.2,51.3,1848,620,57.8,61.9,21.5,no
2611,27.4,36.5,39.6,52.9,1826,625,58.1,62.1,21.4,no
2612,26.9,37.2,38.6,54.5,1865,602,58.4,62.0,21.5,no
2613,26.4,37.9,36.4,56.1,1886,619,57.2,62.8,21.0,no
2614,26.8,37.3,40.0,53.5,1839,621,58.5,61.8,21.0,no
2615,26.8,37.3,40.5,54.3,1864,604,57.9,61.6,20.1,no
2616,27.0,37.1,35.6,54.1,1873,612,58.9,62.3,21.5,no
2617,26.7,37.5,39.9,57.0,1872,615,58.3,62.6,21.1,no
2618,26.8,37.3,35.4,51.9,1843,617,59.1,62.3,21.4,no
2619,26.5,37.7,36.0,51.4,1845,611,58.2,61.4,22.0,no
2620,26.4,37.8,36.7,53.7,1847,606,58.2,62.2,20.6,no
2621,26.5,37.7,36.2,51.3,1849,607,57.6,61.7,22.0,no
2622,26.9,37.2,40.8,51.1,1810,616,58.6,62.7,21.5,no
2623,26.8,37.3,38.1,51.4,1866,614,58.1,62.5,21.1,no
2624,27.1,36.8,37.2,54.7,1842,607,58.3,61.8,20.6,no
2625,26.3,38.1,39.1,51.7,1828,631,59.2,62.3,21.1,no
2626,26.7,37.5,38.3,52.4,1840,608,58.4,61.8,21.1,no
2627,27.1,36.9,36.4,51.4,1850,616,58.1,61.1,21.2,no
2628,26.7,37.4,38.7,53.6,1894,612,57.8,62.0,21.2,no
2629,26.6,37.6,38.0,51.2,1838,608,57.9,62.0,21.5,no
2630,26.8,37.3,37.2,51.0,1851,619,58.0,62.2,21.1,no
2631,26.6,37.6,38.3,53.9,1873,606,58.3,61.5,21.2,no
2632,26.9,37.1,38.0,54.2,1855,618,58.1,62.3,21.3,no
2633,27.1,36.9,37.7,54.5,1852,618,57.6,62.2,21.5,no
2634,26.6,37.6,38.2,51.7,1848,630,58.5,61.6,21.6,no
2635,26.7,37.5,35.4,55.5,1827,614,58.6,61.9,20.5,no
2636,26.4,37.9,39.2,52.8,1849,616,57.6,61.9,21.8,no
2637,26.7,37.5,39.6,51.6,1830,615,58.0,62.0,21.3,no
2638,26.8,37.3,36.8,51.4,1882,605,58.0,62.6,20.2,no
2639,26.7,37.4,38.1,53.2,1849,614,57.5,62.0,22.2,no
2640,26.7,37.4,38.2,53.0,1853,618,58.2,61.9,22.4,no
2641,26.7,37.4,38.1,54.0,1830,614,58.3,62.7,20.5,no
2642,27.1,36.9,37.2,54.6,1822,613,58.5,62.1,22.0,no
2643,27.3,36.6,37.8,52.2,1832,603,58.4,62.1,22.2,no
2644,26.9,37.2,37.2,52.7,1892,600,57.5,62.4,22.0,no
2645,26.7,37.5,37.9,54.3,1842,611,58.2,62.1,21.7,no
2646,26.5,37.7,38.5,55.3,1851,609,58.0,61.6,20.7,no
2647,27.0,37.0,39.3,54.7,1847,622,58.6,62.2,20.9,no
2648,26.3,38.0,38.4,53.9,1829,616,58.8,61.9,21.9,no
2649,26.6,37.5,38.3,52.8,1857,609,57.8,62.3,21.0,no
2650,26.6,37.6,39.3,52.5,1860,613,57.7,61.8,21.8,no
2651,27.1,36.9,38.1,54.7,1864,616,57.6,61.7,19.7,no
2652,26.8,37.3,37.5,49.9,1879,608,58.1,62.0,22.2,no
2653,26.6,37.5,35.8,52.9,1847,614,58.0,61.7,20.0,no
2654,27.2,36.8,38.0,53.8,1843,604,58.2,61.3,20.9,no
2655,26.9,37.1,37.9,53.8,1829,608,58.3,61.8,21.5,no
2656,27.1,36.9,38.3,52.0,1861,610,57.5,62.0,22.0,no
2657,27.0,37.1,38.8,51.7,1880,604,57.9,62.1,21.7,no
2658,26.7,37.5,38.2,53.0,1814,610,58.5,62.3,21.3,no
2659,26.9,37.2,38.7,55.3,1833,618,57.0,61.3,21.2,no
2660,26.8,37.3,36.7,53.2,1870,619,57.7,62.5,21.0,no
2661,27.0,37.1,39.1,53.6,1844,607,58.4,62.4,21.8,no
2662,26.3,38.0,36.7,53.7,1856,608,58.4,61.9,21.6,no
2663,26.8,37.3,39.8,52.0,1804,620,57.8,61.9,21.8,no
2664,26.5,37.7,38.2,54.9,1867,610,57.8,62.0,21.2,no
2665,26.8,37.3,36.3,54.4,1865,607,58.2,62.8,20.5,no
2666,27.0,37.1,38.1,51.2,1833,619,57.9,61.8,21.7,no
2667,26.9,37.2,37.1,53.7,1855,633,57.4,62.4,21.9,no
2668,27.0,37.0,37.9,53.2,1886,607,58.2,62.3,21.6,no
2669,26.6,37.6,38.1,53.0,1860,620,58.4,62.1,22.3,no
2670,27.1,36.8,38.5,51.8,1846,609,57.8,62.0,21.6,no
2671,26.8,37.3,39.2,52.3,1862,616,58.3,62.1,21.4,no
2672,26.8,37.3,36.3,53.9,1846,624,57.9,62.1,22.2,no
2673,26.4,37.8,38.8,54.9,1861,624,58.7,62.7,21.2,no
2674,27.1,36.9,38.5,52.1,1879,595,58.7,61.7,21.2,no
2675,27.0,37.0,39.8,52.8,1848,607,57.8,62.5,22.4,no
2676,27.1,36.9,40.0,53.1,1853,624,58.2,62.1,21.5,no
2677,27.1,37.0,36.8,51.8,1829,610,58.0,62.0,21.4,no
2678,26.5,37.7,36.5,52.3,1857,606,58.3,62.7,22.0,no
2679,27.2,36.7,38.6,55.9,1869,618,58.2,61.7,21.4,no
2680,26.5,37.7,38.4,51.0,1819,613,58.8,61.7,21.0,no
2681,26.9,37.2,39.6,54.3,1869,616,58.1,62.9,21.1,no
2682,26.5,37.8,41.7,53.0,1855,617,58.2,62.5,20.7,no
2683,26.4,37.9,39.0,53.3,1883,613,57.7,62.0,21.6,no
2684,26.9,37.1,38.9,52.4,1846,595,58.6,62.0,20.6,no
2685,26.3,38.1,38.5,51.5,1843,610,57.3,62.6,21.9,no
2686,26.9,37.2,36.2,54.3,1895,618,58.0,62.0,20.5,no
2687,26.5,37.7,35.4,53.6,1877,619,57.5,62.2,21.3,no
2688,27.1,37.0,37.7,52.9,1893,615,57.4,62.3,21.3,no
2689,27.3,36.7,37.9,52.5,1847,611,58.0,62.0,22.1,no
2690,26.8,37.3,37.6,52.6,1844,608,57.7,62.0,21.4,no
2691,26.6,37.7,39.8,52.7,1837,613,58.8,62.3,20.5,no
2692,26.5,37.7,40.0,50.6,1830,612,57.6,62.2,20.8,no
2693,26.6,37.6,36.3,53.7,1881,620,58.0,62.4,20.8,no
2694,27.1,36.9,38.2,52.5,1834,614,58.3,61.9,22.2,no
2695,26.9,37.1,39.6,53.4,1837,602,58.1,62.5,21.1,no
2696,26.7,37.5,37.7,52.5,1817,611,57.8,61.3,20.4,no
2697,27.1,36.9,40.2,51.8,1862,602,57.7,61.8,20.8,no
2698,27.2,36.8,38.6,53.2,1884,615,58.1,61.6,20.7,no
2699,26.7,37.5,36.6,50.0,1846,614,58.5,62.4,22.1,no
2700,27.1,36.8,37.6,54.0,1818,602,57.8,62.3,21.1,no
2701,26.3,38.0,37.5,53.6,1869,615,57.9,60.8,21.4,no
2702,26.6,37.6,35.6,54.6,1844,594,58.3,61.9,22.1,no
2703,26.6,37.6,36.6,53.3,1857,602,57.2,62.0,21.8,no
2704,26.6,37.6,35.3,50.8,1859,601,57.9,61.9,21.1,no
2705,26.8,37.3,36.5,52.7,1860,623,58.3,62.0,21.9,no
2706,26.9,37.2,38.3,53.0,1828,611,57.2,61.8,21.7,no
2707,26.9,37.2,39.7,53.8,1828,607,57.3,61.7,20.6,no
2708,26.7,37.4,39.6,55.1,1824,599,58.2,62.3,21.4,no
2709,26.2,38.2,40.3,51.6,1860,605,58.1,62.1,21.8,no
2710,26.8,37.3,37.7,54.3,1860,606,57.1,62.0,20.4,no
2711,26.7,37.4,38.1,52.9,1852,608,58.3,61.9,20.7,no
2712,26.4,37.9,39.3,54.5,1878,604,57.6,62.3,21.5,no
2713,26.9,37.1,37.3,53.8,1864,607,58.5,62.7,21.8,no
2714,26.7,37.5,39.4,53.6,1854,605,58.5,62.6,20.5,no
2715,25.9,38.6,36.6,54.6,1855,625,58.4,61.4,20.2,no
2716,27.4,36.4,40.7,52.6,1854,609,57.5,61.5,21.7,no
2717,27.0,37.0,37.0,51.6,1880,618,57.9,62.1,21.3,no
2718,26.4,37.9,38.2,55.6,1830,621,58.1,62.6,21.5,no
2719,27.1,36.9,37.4,51.5,1855,602,58.4,61.4,20.4,no
2720,26.6,37.6,38.2,53.0,1863,615,58.1,62.4,20.8,no
2721,26.8,37.4,39.4,52.5,1880,615,57.6,62.4,21.5,no
2722,26.4,37.9,38.1,54.3,1852,600,58.1,62.3,21.2,no
2723,26.5,37.7,37.4,52.1,1859,623,57.8,62.1,20.4,no
2724,27.0,37.0,36.8,50.9,1855,617,58.7,62.5,20.4,no
2725,26.9,37.2,38.1,53.7,1849,612,58.1,62.3,21.7,no
2726,26.8,37.4,37.8,53.7,1856,602,57.5,62.1,20.4,no
2727,26.9,37.2,38.1,53.1,1858,606,58.4,61.7,22.0,no
2728,27.2,36.8,35.9,52.1,1838,615,57.5,61.4,21.2,no
2729,26.8,37.3,38.8,50.8,1873,618,58.2,63.0,22.1,no
2730,27.0,37.1,38.3,49.6,1822,609,58.2,62.4,21.9,no
2731,26.6,37.6,37.1,51.1,1861,600,57.8,62.2,22.4,no
2732,27.0,37.0,36.7,53.2,1888,596,57.2,61.8,20.6,no
2733,27.0,37.1,39.5,52.2,1866,616,57.8,62.3,21.3,no
2734,26.8,37.3,39.3,53.3,1856,607,58.4,62.5,21.2,no
2735,27.1,37.0,36.6,52.2,1827,592,58.2,61.8,21.5,no
2736,26.2,38.1,36.4,52.5,1833,612,58.4,61.3,21.5,no
2737,27.1,36.8,37.6,52.8,1841,598,58.5,61.9,21.6,no
2738,26.7,37.5,37.0,54.4,1863,609,56.8,61.8,20.7,no
2739,26.8,37.3,38.6,54.6,1855,606,57.6,62.0,21.2,no
2740,26.4,37.9,40.0,54.4,1890,595,58.0,61.4,21.6,no
2741,26.7,37.5,37.5,55.2,1850,603,57.2,61.9,21.8,no
2742,26.9,37.2,36.4,53.5,1836,601,58.4,62.8,21.5,no
2743,26.9,37.2,37.1,50.6,1871,625,57.8,61.9,20.9,no
2744,27.0,37.0,36.4,53.8,1826,604,57.8,62.0,21.2,no
2745,27.4,36.5,38.9,54.2,1871,601,58.1,62.0,21.4,no
2746,26.5,37.7,39.0,53.1,1870,618,57.6,62.4,21.8,no
2747,26.9,37.2,38.5,55.3,1830,618,57.7,61.7,20.4,no
2748,26.4,37.8,35.0,56.3,1858,601,58.5,61.5,21.5,no
2749,26.6,37.5,35.7,53.3,1862,598,57.4,62.2,21.8,no
2750,27.1,37.0,36.7,53.2,1861,617,57.6,61.6,20.3,no
2751,26.5,37.7,36.6,52.9,1834,605,57.6,61.6,21.0,no
2752,26.8,37.3,37.8,54.3,1856,619,57.7,62.0,20.8,no
2753,26.9,37.2,39.7,53.3,1864,629,58.2,62.1,21.9,no
2754,26.8,37.3,39.7,50.3,1884,592,58.4,62.4,21.5,no
2755,26.8,37.2,38.1,52.5,1857,623,58.3,61.7,21.3,no
2756,26.6,37.6,37.9,51.8,1846,626,57.7,61.7,21.0,no
2757,26.4,37.9,39.1,50.4,1890,607,58.7,62.0,21.2,no
2758,26.2,38.1,39.4,53.3,1857,617,58.2,62.3,21.0,no
2759,27.0,37.0,40.2,54.8,1886,600,57.6,62.5,20.3,no
2760,26.9,37.1,38.3,53.1,1873,612,58.7,61.8,20.5,no
2761,26.9,37.2,38.0,54.1,1837,595,57.7,61.5,21.2,no
2762,26.7,37.5,36.5,52.9,1828,619,58.3,62.2,21.5,no
2763,27.2,36.8,38.9,51.7,1855,620,58.1,62.3,20.8,no
2764,26.7,37.4,35.8,51.0,1872,621,57.5,61.8,21.7,no
2765,27.2,36.7,40.5,51.1,1840,621,57.6,62.2,21.4,no
2766,26.6,37.5,37.1,56.0,1836,607,57.5,61.8,21.2,no
2767,26.3,38.0,38.6,54.9,1865,610,57.4,62.1,21.9,no
2768,26.7,37.5,37.0,51.0,1853,603,59.3,62.2,20.9,no
2769,26.5,37.7,38.1,53.8,1800,598,58.7,61.9,21.7,no
2770,26.3,38.0,39.5,50.9,1846,625,57.5,61.7,21.1,no
2771,26.3,38.0,37.9,54.5,1861,604,58.5,62.5,22.1,no
2772,26.7,37.4,35.5,54.3,1851,625,58.3,61.8,21.3,no
2773,26.4,37.9,37.8,52.6,1871,620,58.3,62.0,22.2,no
2774,26.6,37.6,39.5,51.5,1859,604,58.1,62.4,21.1,no
2775,26.3,38.1,38.5,52.0,1841,606,57.8,61.8,22.0,no
2776,26.6,37.6,38.7,51.9,1887,612,58.3,62.1,21.4,no
2777,26.6,37.6,38.0,52.2,1821,617,58.3,62.3,21.1,no
2778,26.7,37.5,37.3,52.0,1835,613,58.3,61.8,22.1,no
2779,26.9,37.2,37.1,53.5,1876,616,57.4,62.6,21.1,no
2780,26.5,37.7,37.7,55.4,1827,620,58.1,61.7,21.4,no
2781,26.8,37.3,35.3,53.6,1839,611,59.0,61.6,21.5,no
2782,26.8,37.4,38.0,54.7,1853,606,58.2,61.8,22.1,no
2783,26.7,37.4,38.9,55.0,1869,611,57.5,62.5,21.7,no
2784,26.9,37.2,38.4,51.3,1858,614,58.0,62.7,22.4,no
2785,27.0,37.1,38.8,52.5,1866,627,58.1,62.0,21.0,no
2786,27.0,37.0,38.0,52.5,1858,616,57.8,61.3,21.3,no
2787,26.8,37.3,38.2,53.5,1850,615,58.0,62.2,20.6,no
2788,26.7,37.5,37.5,53.2,1865,602,58.1,62.0,22.0,no
2789,26.8,37.3,39.2,52.2,1829,606,57.9,62.3,21.3,no
2790,26.4,37.9,37.3,52.4,1851,611,58.5,61.4,21.6,no
2791,26.7,37.5,38.2,53.9,1847,616,58.0,61.9,21.1,no
2792,26.1,38.4,37.9,53.2,1858,605,57.4,61.2,21.8,no
2793,27.0,37.1,38.2,54.5,1877,618,58.6,62.4,22.3,no
2794,26.5,37.7,37.9,54.5,1881,611,57.9,62.0,21.4,no
2795,26.6,37.6,38.9,57.5,1842,611,58.1,62.2,21.0,no
2796,26.6,37.5,37.6,52.6,1871,620,58.4,62.1,22.9,no
2797,26.9,37.1,38.8,52.6,1854,615,58.0,61.7,20.6,no
2798,26.6,37.6,37.3,53.3,1862,614,57.2,62.7,21.6,no
2799,26.8,37.4,39.3,52.4,1835,616,58.0,62.2,20.8,no
2800,26.9,37.2,37.9,51.4,1839,605,58.3,62.0,22.3,no
2801,26.8,37.3,38.5,50.9,1828,610,57.7,62.3,22.3,no
2802,27.2,36.8,39.2,53.7,1878,612,57.5,61.8,20.4,no
2803,26.7,37.4,37.7,54.4,1835,613,58.2,62.4,21.9,no
2804,27.0,37.0,35.6,53.7,1882,610,57.8,62.1,22.3,no
2805,27.1,36.8,38.7,52.2,1859,606,57.9,62.7,21.2,no
2806,26.5,37.8,37.4,54.3,1883,620,58.2,61.0,20.5,no
2807,26.8,37.3,39.1,50.9,1871,606,57.8,61.4,20.4,no
2808,26.5,37.8,36.9,55.1,1832,622,58.2,62.2,20.8,no
2809,27.2,36.7,38.5,50.9,1858,614,57.8,62.0,22.2,no
2810,26.1,38.3,37.6,54.1,1829,611,58.1,62.3,20.7,no
2811,27.1,37.0,38.9,51.5,1863,601,58.7,62.1,21.1,no
2812,26.8,37.3,37.5,53.1,1832,604,58.0,61.3,21.9,no
2813,26.3,38.1,37.9,52.0,1833,607,58.7,62.5,22.0,no
2814,26.8,37.3,38.1,52.1,1856,626,57.6,62.1,21.3,no
2815,26.7,37.4,37.4,50.8,1864,620,57.6,62.2,21.3,no
2816,26.9,37.2,37.8,54.5,1828,610,58.8,62.8,21.2,no
2817,26.6,37.6,36.3,54.3,1832,613,58.2,62.5,22.3,no
2818,26.3,38.0,37.6,53.8,1870,602,57.8,62.3,21.3,no
2819,26.6,37.6,38.1,54.5,1836,626,57.3,61.5,21.5,no
2820,27.0,37.0,36.9,52.6,1802,599,58.4,62.4,21.0,no
2821,26.8,37.3,37.5,53.8,1838,605,57.8,61.6,21.9,no
2822,26.9,37.1,37.7,53.1,1861,631,58.3,62.2,22.0,no
2823,27.1,36.9,38.4,53.9,1846,606,57.4,61.7,21.9,no
2824,26.8,37.4,39.8,53.6,1855,600,58.3,61.5,21.8,no
2825,26.9,37.2,35.0,52.5,1858,621,58.1,61.7,21.2,no
2826,26.5,37.7,38.1,53.2,1858,612,58.0,62.5,20.8,no
2827,26.8,37.3,40.4,51.8,1837,602,58.0,61.9,22.2,no
2828,26.4,37.9,37.5,54.4,1870,618,58.6,61.5,22.4,no
2829,26.8,37.3,40.4,55.3,1843,627,57.8,61.8,21.3,no
2830,26.7,37.4,38.4,53.3,1826,626,57.9,62.3,20.8,no
2831,26.8,37.3,35.7,54.8,1859,620,58.2,62.0,21.5,no
2832,26.2,38.1,37.5,52.8,1856,609,58.0,61.8,22.1,no
2833,26.9,37.1,37.8,53.2,1873,620,57.7,61.8,21.3,no
2834,26.3,38.0,37.5,53.2,1850,611,58.5,61.9,22.3,no
2835,26.6,37.6,38.2,50.7,1844,596,57.9,62.2,21.5,no
2836,26.7,37.5,39.2,52.6,1848,620,57.5,62.0,20.5,no
2837,26.9,37.2,37.6,52.5,1844,612,58.4,61.8,21.0,no
2838,26.6,37.6,40.0,51.2,1845,606,58.0,62.2,21.3,no
2839,26.6,37.7,38.7,51.0,1845,616,58.5,62.2,21.5,no
2840,27.0,37.1,36.6,53.1,1868,611,58.2,62.3,21.7,no
2841,26.8,37.3,37.5,54.5,1865,616,57.3,62.1,21.5,no
2842,27.2,36.8,37.1,51.6,1873,610,58.4,61.8,21.1,no
2843,26.4,37.9,37.0,52.6,1851,613,59.0,62.8,21.2,no
2844,27.4,36.5,36.5,55.2,1845,616,57.7,62.4,21.7,no
2845,26.6,37.6,38.9,52.1,1857,615,57.4,62.4,22.1,no
2846,26.8,37.4,37.2,52.3,1855,600,58.7,62.4,22.5,no
2847,26.7,37.4,38.3,53.2,1832,615,58.4,61.9,21.2,no
2848,26.8,37.3,36.9,53.6,1817,617,58.6,62.0,20.7,no
2849,27.1,36.9,39.0,54.1,1849,626,58.2,62.1,20.8,no
2850,26.6,37.6,39.5,53.2,1862,617,58.1,61.8,21.9,no
2851,26.6,37.6,37.8,51.6,1873,609,57.2,62.1,22.0,no
2852,27.0,37.0,39.6,52.8,1854,618,58.6,62.2,20.8,no
2853,26.5,37.7,38.4,55.9,1824,614,58.3,61.9,21.7,no
2854,26.7,37.4,36.7,51.8,1843,630,58.2,61.9,20.9,no
2855,26.7,37.4,39.1,51.9,1845,617,57.4,61.3,21.3,no
2856,26.4,37.9,37.8,53.2,1854,606,58.3,62.4,21.2,no
2857,26.9,37.2,36.4,50.7,1836,622,57.8,62.3,22.1,no
2858,26.4,37.9,37.3,50.5,1843,612,57.8,61.7,22.0,no
2859,26.9,37.2,37.4,51.1,1855,613,58.4,62.2,22.5,no
2860,26.5,37.7,38.6,57.9,1894,599,57.4,61.8,21.4,no
2861,27.1,36.9,36.1,52.6,1858,615,58.1,62.6,21.5,no
2862,26.7,37.4,36.6,53.7,1880,612,57.9,62.0,22.6,no
2863,26.1,38.3,37.7,51.8,1828,614,57.8,62.6,21.0,no
2864,27.2,36.8,36.9,52.5,1830,617,57.5,62.2,20.9,no
2865,26.5,37.7,39.2,52.2,1851,610,58.1,62.1,22.0,no
2866,26.7,37.5,38.2,52.4,1879,600,58.3,62.2,22.3,no
2867,26.7,37.5,38.2,53.1,1862,621,57.8,61.9,22.2,no
2868,26.8,37.3,39.0,52.6,1866,603,57.5,61.4,22.0,no
2869,26.7,37.5,38.8,52.8,1843,617,58.0,62.0,20.6,no
2870,26.8,37.4,38.9,55.1,1865,615,58.1,62.0,20.0,no
2871,26.9,37.2,37.8,51.7,1888,601,57.8,62.1,22.2,no
2872,26.9,37.2,38.5,52.4,1844,619,58.3,61.6,22.8,no
2873,26.6,37.6,36.3,53.6,1882,612,58.0,62.2,21.9,no
2874,26.8,37.3,38.9,54.0,1859,612,57.4,61.3,21.7,no
2875,26.7,37.5,36.5,52.3,1830,617,57.3,62.5,21.3,no
2876,26.9,37.2,39.2,52.5,1862,610,58.1,62.2,21.4,no
2877,27.2,36.7,38.9,51.3,1842,618,58.0,62.2,21.0,no
2878,27.6,36.2,38.2,54.0,1852,617,58.3,62.3,21.6,no
2879,26.5,37.7,38.0,53.9,1851,605,58.1,61.3,20.6,no
2880,27.1,36.9,37.1,51.7,1859,621,57.8,61.8,21.7,no
2881,27.1,36.9,38.5,52.6,1852,623,58.2,62.5,21.4,no
2882,26.4,37.9,37.9,51.6,1872,602,57.9,62.5,22.2,no
2883,26.5,37.7,39.0,53.2,1828,610,57.4,61.4,21.2,no
2884,26.7,37.5,36.9,52.0,1850,616,58.1,63.0,20.3,no
2885,26.4,37.8,36.9,53.9,1859,618,57.8,62.6,20.9,no
2886,26.7,37.4,36.6,55.9,1881,608,58.2,62.5,21.0,no
2887,27.1,36.9,39.2,53.8,1860,604,57.9,62.1,19.9,no
2888,26.5,37.7,37.0,52.6,1874,621,58.1,62.1,20.9,no
2889,27.0,37.0,38.2,53.7,1864,623,58.2,62.1,21.1,no
2890,27.1,36.9,38.5,51.8,1850,613,57.7,61.7,21.4,no
2891,26.6,37.6,39.7,54.8,1853,602,57.9,61.9,21.6,no
2892,27.0,37.1,38.7,52.8,1850,603,58.1,61.9,21.2,no
2893,26.8,37.4,37.2,54.6,1857,625,57.7,62.1,21.4,no
2894,27.4,36.6,39.1,52.9,1862,615,57.9,61.7,21.0,no
2895,26.9,37.1,37.6,55.3,1868,603,58.3,62.3,20.7,no
2896,26.4,37.9,37.3,54.0,1878,615,57.6,62.3,21.8,no
2897,26.7,37.5,36.0,54.1,1854,615,57.9,62.8,22.0,no
2898,26.6,37.6,37.2,54.0,1870,609,58.5,61.4,21.8,no
2899,26.6,37.6,37.3,54.5,1851,618,57.4,62.8,20.6,no
2900,26.5,37.7,39.3,52.9,1879,606,57.2,61.3,20.5,no
2901,26.8,37.3,37.8,53.2,1880,619,57.4,61.7,21.9,no
2902,26.9,37.2,39.3,52.1,1852,620,58.4,62.4,21.5,no
2903,26.8,37.3,38.4,51.5,1846,613,57.8,62.1,21.6,no
2904,27.1,36.9,37.1,53.2,1867,612,58.4,62.1,21.3,no
2905,26.3,38.0,35.8,51.2,1862,621,57.7,62.8,20.5,no
2906,26.5,37.7,37.3,55.1,1872,609,57.2,61.8,22.3,no
2907,26.7,37.4,37.2,54.0,1826,630,57.9,61.6,21.2,no
2908,26.6,37.6,37.9,52.3,1835,607,58.2,62.6,20.9,no
2909,27.2,36.8,38.7,50.7,1834,633,58.2,62.2,21.6,no
2910,26.7,37.5,38.7,51.8,1840,600,57.7,62.6,21.5,no
2911,26.7,37.4,35.9,53.6,1875,615,57.6,61.3,21.2,no
2912,26.8,37.4,35.9,54.3,1856,615,58.1,61.8,21.3,no
2913,26.4,37.9,41.1,52.9,1849,602,58.0,62.4,20.7,no
2914,26.9,37.1,38.3,55.6,1833,612,57.5,62.2,21.2,no
2915,26.3,38.0,36.9,52.5,1847,604,57.9,61.4,22.7,no
2916,26.5,37.7,37.8,52.7,1892,611,58.6,61.5,20.6,no
2917,26.1,38.3,39.3,54.3,1880,609,58.8,62.3,21.2,no
2918,26.7,37.4,38.0,53.0,1847,606,58.6,62.2,21.0,no
2919,26.5,37.7,36.2,52.1,1864,604,58.1,61.5,21.6,no
2920,26.2,38.2,37.7,52.9,1873,614,57.4,62.0,21.8,no
2921,26.7,37.4,37.3,54.1,1866,610,58.4,62.2,21.5,no
2922,26.9,37.1,39.0,53.3,1875,616,58.4,62.3,20.3,no
2923,26.9,37.2,37.9,51.7,1875,615,58.9,62.1,21.9,no
2924,26.8,37.4,37.9,53.4,1835,616,58.0,62.2,21.6,no
2925,26.4,37.9,37.4,52.4,1836,607,57.5,61.6,20.6,no
2926,26.8,37.3,37.9,51.4,1865,619,57.1,62.7,20.7,no
2927,26.4,37.8,37.8,50.8,1836,615,57.6,62.5,21.7,no
2928,26.7,37.5,37.9,54.0,1831,620,58.2,61.7,21.5,no
2929,26.6,37.5,38.9,53.8,1846,601,57.6,62.2,21.8,no
2930,26.9,37.2,39.2,52.7,1878,612,58.1,61.5,21.6,no
2931,26.8,37.3,36.6,52.2,1836,622,57.9,62.1,21.1,no
2932,26.8,37.4,37.9,53.0,1844,601,58.2,62.7,21.9,no
2933,26.7,37.5,38.7,51.3,1880,620,58.3,62.6,20.8,no
2934,26.9,37.2,40.2,51.7,1859,618,58.0,61.9,20.9,no
2935,26.9,37.2,40.5,54.2,1860,616,58.1,61.6,21.7,no
2936,27.1,36.9,37.1,53.1,1858,595,58.3,61.5,21.1,no
2937,26.4,37.9,37.8,53.7,1842,625,57.1,62.2,20.4,no
2938,26.5,37.7,37.6,53.9,1859,614,57.9,61.4,20.8,no
2939,26.7,37.4,37.1,52.7,1854,608,58.7,62.3,21.1,no
2940,26.6,37.6,36.0,51.4,1854,595,58.4,61.9,22.1,no
2941,26.8,37.2,36.4,55.9,1857,598,58.4,61.4,20.7,no
2942,26.9,37.2,36.8,53.2,1854,604,57.9,61.6,20.6,no
2943,27.0,37.1,40.0,53.9,1833,601,57.4,62.5,21.4,no
2944,26.4,37.9,39.4,54.4,1859,608,58.1,61.7,21.4,no
2945,26.9,37.2,36.7,54.0,1827,614,58.2,61.9,20.8,no
2946,26.7,37.4,38.1,51.9,1849,611,58.6,62.1,20.9,no
2947,26.6,37.6,39.7,51.8,1853,600,58.7,62.6,21.4,no
2948,26.6,37.5,38.2,54.5,1813,607,57.9,62.0,21.4,no
2949,27.2,36.8,36.0,55.2,1821,604,58.5,61.7,20.9,no
2950,26.7,37.5,37.7,52.4,1850,599,57.5,62.7,21.8,no
2951,27.0,37.0,38.0,51.5,1859,617,58.0,62.9,21.0,no
2952,27.1,36.9,40.1,57.1,1839,609,58.5,62.7,20.4,no
2953,26.9,37.2,39.4,52.3,1836,607,58.3,62.4,21.3,no
2954,26.8,37.3,38.0,55.7,1820,631,57.8,62.0,22.6,no
2955,26.9,37.2,39.9,52.2,1848,611,57.9,62.1,20.4,no
2956,26.7,37.5,39.9,54.9,1839,603,57.9,62.2,20.8,no
2957,27.1,36.9,40.6,53.3,1815,609,57.9,61.7,21.8,no
2958,26.4,37.9,38.2,56.3,1871,602,58.1,61.8,20.2,no
2959,26.7,37.5,38.2,52.3,1862,626,57.9,61.9,21.4,no
2960,26.1,38.4,37.9,54.1,1834,617,58.5,62.1,21.3,no
2961,26.8,37.3,36.5,52.1,1883,603,57.8,61.9,20.8,no
2962,26.7,37.5,36.8,53.2,1827,608,57.9,62.1,22.6,no
2963,27.1,36.8,36.9,51.8,1849,597,58.1,62.2,21.1,no
2964,27.2,36.7,39.3,52.9,1836,612,57.4,62.2,22.7,no
2965,26.5,37.8,38.3,54.4,1845,611,58.7,60.8,21.3,no
2966,26.9,37.1,37.3,54.8,1838,613,58.3,61.7,21.2,no
2967,26.9,37.2,39.0,54.0,1869,618,58.7,61.9,21.0,no
2968,26.6,37.6,38.8,51.6,1835,611,58.6,62.1,23.0,no
2969,27.3,36.6,37.6,50.3,1850,602,58.1,61.8,21.5,no
2970,26.6,37.6,38.9,54.9,1861,603,57.8,61.7,22.6,no
2971,26.4,37.9,38.6,51.6,1886,621,58.1,62.2,20.6,no
2972,27.2,36.8,38.6,54.3,1853,624,58.2,62.5,21.2,no
2973,26.7,37.5,38.0,53.1,1843,601,57.7,61.4,21.0,no
2974,26.8,37.3,37.0,51.8,1830,615,58.3,62.2,22.1,no
2975,26.6,37.6,39.4,53.7,1839,604,57.9,62.5,21.7,no
2976,26.4,37.9,40.0,52.3,1889,604,58.8,61.5,21.1,no
2977,26.2,38.2,37.8,53.8,1865,605,57.5,61.7,22.2,no
2978,26.2,38.2,38.3,53.6,1839,617,58.4,62.3,21.0,no
2979,26.4,37.9,37.3,52.8,1860,627,57.9,62.1,21.2,no
2980,26.8,37.3,39.1,52.0,1891,620,57.2,61.7,22.2,no
2981,26.5,37.7,37.3,52.9,1853,616,58.1,62.2,21.4,no
2982,26.8,37.3,36.6,49.4,1850,596,58.3,62.1,21.1,no
2983,27.1,36.9,38.5,52.1,1900,597,58.4,62.7,21.8,no
2984,26.5,37.8,37.8,52.8,1876,599,59.0,62.1,21.8,no
2985,26.6,37.6,36.5,52.4,1867,615,57.9,61.8,21.7,no
2986,27.0,37.1,40.2,51.6,1827,615,58.6,62.0,21.8,no
2987,26.9,37.1,38.9,52.0,1836,612,59.0,61.7,20.3,no
2988,26.7,37.5,38.8,52.2,1857,619,58.6,61.6,20.6,no
2989,26.6,37.7,37.5,51.2,1857,610,57.7,62.3,21.1,no
2990,26.6,37.6,39.0,53.4,1843,615,58.0,61.7,20.8,no
2991,26.7,37.4,39.1,53.8,1845,618,57.6,61.9,20.9,no
2992,27.0,37.0,36.3,54.8,1861,606,57.9,62.2,21.3,no
2993,27.1,36.9,36.3,53.3,1852,621,57.8,61.8,21.4,no
2994,26.7,37.5,37.8,54.6,1885,614,58.0,62.3,20.5,no
2995,27.0,37.1,38.4,52.8,1848,604,58.1,61.3,21.0,no
2996,26.7,37.5,38.1,54.7,1864,614,57.4,62.1,21.3,no
2997,26.9,37.2,38.9,49.9,1821,612,57.4,61.7,22.6,no
2998,26.9,37.2,35.3,51.0,1849,618,57.4,61.3,21.3,no
2999,26.4,37.9,38.2,53.3,1855,620,57.4,63.1,21.3,no
3000,26.4,37.8,37.6,51.8,1853,636,58.3,62.0,22.0,no
3001,27.1,36.9,37.2,52.5,1867,617,57.9,62.6,22.3,no
3002,26.7,37.5,37.5,52.9,1828,620,58.3,62.7,22.0,no
3003,26.5,37.8,39.2,53.7,1845,606,58.3,61.7,22.0,no
3004,26.8,37.4,38.2,53.4,1837,616,58.2,62.5,22.1,no
3005,26.9,37.2,37.7,54.1,1878,616,57.8,62.3,21.6,no
3006,26.7,37.4,38.4,52.7,1819,616,57.6,61.6,19.7,no
3007,27.1,36.9,38.1,52.6,1866,607,58.0,61.7,20.1,no
3008,26.7,37.4,38.4,51.6,1884,618,57.8,62.1,21.0,no
3009,26.6,37.6,36.0,52.5,1860,617,57.0,62.2,21.3,no
3010,26.7,37.4,38.6,53.0,1860,611,58.0,61.9,20.3,no
3011,26.3,38.0,37.8,52.4,1853,610,57.9,61.9,21.2,no
3012,26.6,37.5,38.9,55.2,1839,613,57.7,61.8,20.9,no
3013,26.5,37.7,39.7,54.7,1855,619,57.6,61.6,21.1,no
3014,26.4,37.9,37.8,54.0,1858,606,58.3,61.1,20.8,no
3015,26.6,37.5,40.3,51.0,1847,601,58.3,61.9,20.2,no
3016,27.0,37.1,39.8,51.0,1858,619,58.2,61.6,20.6,no
3017,26.6,37.6,36.7,53.2,1843,611,58.0,62.5,21.6,no
3018,27.1,36.9,38.9,52.7,1863,623,58.0,62.1,21.5,no
3019,26.5,37.8,39.9,50.7,1826,608,58.0,62.8,20.9,no
3020,26.7,37.5,39.2,54.6,1843,609,58.5,61.9,21.4,no
3021,26.9,37.2,39.9,55.3,1843,610,57.8,61.6,21.9,no
3022,26.2,38.1,38.8,51.0,1845,616,58.1,62.2,21.0,no
3023,26.7,37.5,37.5,52.1,1851,606,57.8,61.8,21.4,no
3024,26.8,37.3,38.2,53.3,1863,609,57.3,62.2,21.2,no
3025,26.5,37.7,37.1,51.3,1852,611,57.8,61.7,21.8,no
3026,26.8,37.3,38.0,53.2,1865,614,58.0,62.1,20.7,no
3027,26.7,37.5,36.7,54.9,1839,614,57.4,62.0,20.7,no
3028,26.8,37.3,38.5,52.1,1860,622,57.6,62.0,21.8,no
3029,26.7,37.5,36.3,52.2,1834,601,58.1,62.4,20.8,no
3030,26.8,37.4,38.3,53.5,1842,610,58.1,61.5,21.5,no
3031,26.7,37.4,38.5,53.9,1860,615,58.6,62.2,22.1,no
3032,26.8,37.3,37.7,51.6,1861,610,58.4,62.3,21.5,no
3033,26.7,37.4,36.7,52.1,1848,606,57.9,61.2,21.5,no
3034,26.8,37.3,37.6,52.7,1886,614,58.0,62.5,20.5,no
3035,26.4,37.8,37.4,51.9,1869,612,58.7,62.1,21.0,no
3036,27.1,36.9,36.0,52.5,1853,613,58.2,62.2,21.4,no
3037,26.1,38.3,35.9,53.7,1857,603,58.0,62.4,21.0,no
3038,27.0,37.0,38.3,53.6,1862,609,57.5,62.1,20.3,no
3039,26.6,37.5,39.2,51.7,1829,601,57.9,62.3,20.3,no
3040,26.6,37.7,38.0,51.9,1880,604,57.6,61.7,21.8,no
3041,27.2,36.8,39.0,54.0,1872,621,57.6,62.0,21.6,no
3042,27.0,37.1,38.3,52.0,1865,617,58.4,61.2,21.0,no
3043,26.5,37.8,38.1,51.8,1859,612,57.2,61.8,21.4,no
3044,26.6,37.6,39.1,52.6,1873,619,58.6,61.7,21.3,no
3045,26.5,37.7,39.0,53.2,1863,605,57.7,62.0,21.5,no
3046,26.8,37.3,37.0,52.3,1860,598,57.9,61.8,21.1,no
3047,26.8,37.3,37.6,54.0,1819,592,58.0,61.7,21.7,no
3048,26.5,37.7,36.4,55.8,1872,608,57.5,61.8,21.4,no
3049,26.7,37.5,38.1,51.0,1839,613,58.5,62.1,22.0,no
3050,26.9,37.1,40.7,54.6,1886,614,58.1,61.5,20.8,no
3051,26.7,37.5,38.4,54.3,1849,615,57.7,61.6,20.4,no
3052,26.7,37.4,37.8,52.5,1848,614,58.0,61.4,21.5,no
3053,26.9,37.2,37.7,51.4,1869,617,57.9,62.0,21.4,no
3054,27.5,36.4,38.5,51.0,1855,609,58.2,61.7,20.4,no
3055,26.6,37.6,36.9,51.4,1823,603,57.7,62.0,20.4,no
3056,26.6,37.6,36.3,54.6,1845,614,58.2,62.2,21.4,no
3057,26.5,37.8,36.9,56.7,1829,611,57.8,62.0,21.3,no
3058,27.0,37.0,38.5,52.1,1831,603,58.6,61.8,21.6,no
3059,26.5,37.7,39.8,51.3,1865,620,58.4,62.0,21.3,no
3060,26.8,37.4,37.3,54.5,1866,620,57.8,61.8,20.3,no
3061,26.3,38.0,37.7,53.4,1886,615,57.9,61.4,21.9,no
3062,27.4,36.4,38.0,51.4,1843,610,58.2,62.7,21.0,no
3063,26.9,37.1,36.8,52.4,1841,610,57.4,62.5,21.3,no
3064,26.3,38.0,38.5,55.8,1863,621,57.7,61.9,22.1,no
3065,26.9,37.2,39.4,52.5,1859,620,58.2,62.3,22.1,no
3066,26.8,37.3,37.1,51.4,1815,606,58.1,61.7,21.7,no
3067,26.7,37.4,40.2,54.9,1853,605,57.9,61.5,21.0,no
3068,26.6,37.5,36.9,52.9,1872,623,58.5,62.2,20.1,no
3069,26.7,37.5,38.1,51.4,1801,610,58.3,61.9,21.1,no
3070,26.5,37.8,38.4,55.3,1801,622,57.9,61.6,22.6,no
3071,27.0,37.0,37.6,51.8,1865,611,58.3,61.4,21.8,no
3072,26.5,37.7,38.2,51.5,1827,613,58.7,62.0,21.6,no
3073,26.9,37.2,40.3,51.9,1850,614,57.5,61.7,20.8,no
3074,27.0,37.0,36.5,50.7,1822,599,59.1,62.2,21.0,no
3075,26.8,37.3,37.4,54.4,1823,600,57.5,62.9,20.7,no
3076,26.8,37.3,38.4,51.4,1896,617,57.1,62.2,21.3,no
3077,26.5,37.7,39.6,52.3,1866,612,58.9,62.1,21.8,no
3078,27.0,37.0,37.3,53.6,1849,615,57.4,61.4,20.5,no
3079,26.6,37.6,37.7,53.5,1845,616,58.0,62.3,20.7,no
3080,27.1,36.8,37.3,53.8,1865,609,57.7,63.0,21.1,no
3081,26.9,37.1,38.1,55.0,1864,615,58.2,61.4,20.5,no
3082,27.0,37.1,35.2,50.7,1847,614,57.8,61.6,21.5,no
3083,26.9,37.1,39.4,53.7,1836,604,58.4,62.3,21.5,no
3084,26.9,37.2,34.9,55.4,1855,605,58.1,61.8,20.1,no
3085,26.9,37.2,36.8,55.1,1850,597,57.9,62.1,20.5,no
3086,26.6,37.7,38.0,53.4,1868,603,58.2,62.5,21.4,no
3087,26.5,37.7,38.3,52.2,1863,606,57.2,61.5,21.2,no
3088,26.6,37.6,38.9,55.6,1869,612,57.8,61.9,21.8,no
3089,26.7,37.5,38.9,52.6,1821,605,58.2,61.3,20.9,no
3090,26.8,37.2,38.8,52.9,1852,620,58.3,62.6,21.1,no
3091,26.6,37.6,40.1,50.6,1848,606,58.0,62.3,20.5,no
3092,26.8,37.4,36.0,54.0,1844,617,58.4,62.1,20.7,no
3093,26.6,37.5,38.2,52.9,1845,604,57.8,61.9,21.7,no
3094,26.8,37.4,36.6,54.3,1831,617,57.4,62.9,21.8,no
3095,26.3,38.1,36.0,54.7,1850,622,58.7,61.4,20.9,no
3096,26.7,37.4,38.5,52.7,1831,625,57.7,62.2,21.9,no
3097,26.6,37.7,38.1,55.5,1857,620,58.2,61.5,20.8,no
3098,26.7,37.5,37.8,55.5,1868,618,57.1,62.3,20.8,no
3099,27.0,37.1,37.4,52.1,1884,597,57.5,62.2,20.9,no
3100,26.3,38.0,37.0,54.1,1861,596,57.5,61.4,21.4,no
3101,26.2,38.1,39.4,53.4,1824,599,58.9,62.5,21.7,no
3102,26.5,37.7,39.0,52.0,1843,619,57.8,62.4,19.9,no
3103,26.9,37.1,38.8,54.4,1865,623,57.9,62.0,22.1,no
3104,26.8,37.3,37.6,55.0,1840,611,57.9,62.3,22.0,no
3105,26.9,37.1,40.3,51.5,1851,610,58.9,61.9,20.8,no
3106,27.0,37.0,38.3,52.7,1867,601,58.1,61.7,20.5,no
3107,26.5,37.7,36.7,53.9,1863,611,57.9,61.9,20.4,no
3108,26.6,37.6,38.8,55.8,1857,605,58.2,62.0,21.8,no
3109,26.5,37.7,39.6,51.0,1803,632,57.8,62.1,20.7,no
3110,27.3,36.7,37.1,50.7,1829,602,58.0,62.6,21.2,no
3111,27.0,37.0,38.3,55.9,1857,619,57.8,62.3,21.7,no
3112,26.6,37.6,39.1,55.3,1832,612,57.5,61.7,21.3,no
3113,26.7,37.4,36.6,54.6,1890,607,58.1,61.8,21.3,no
3114,27.1,36.9,40.3,55.2,1846,612,58.1,62.3,21.5,no
3115,26.7,37.4,37.9,51.0,1865,609,57.8,61.8,20.9,no
3116,26.7,37.4,39.3,53.3,1874,613,57.9,61.8,20.3,no
3117,27.0,37.0,38.9,54.2,1819,621,57.7,62.1,21.6,no
3118,26.8,37.3,39.9,50.3,1856,603,57.6,61.3,21.9,no
3119,27.0,37.1,36.6,50.8,1858,622,58.7,61.5,21.5,no
3120,26.8,37.4,39.0,53.1,1834,613,58.0,62.3,22.0,no
3121,27.0,37.0,40.2,52.9,1833,598,57.6,62.1,21.3,no
3122,26.3,38.1,38.4,56.0,1869,612,57.6,62.2,21.5,no
3123,26.2,38.2,38.5,53.2,1860,605,57.8,62.4,21.5,no
3124,26.9,37.2,36.3,53.5,1882,615,58.5,62.2,21.9,no
3125,26.2,38.1,38.0,51.9,1819,610,57.7,62.3,21.6,no
3126,26.8,37.3,38.4,52.0,1900,612,58.2,61.4,21.8,no
3127,26.1,38.2,36.0,50.7,1844,614,57.0,62.6,20.9,no
3128,26.8,37.4,37.5,53.0,1848,617,59.5,62.3,21.2,no
3129,26.8,37.3,38.9,55.0,1836,600,57.7,62.3,20.2,no
3130,27.0,37.0,39.5,55.5,1818,610,58.2,62.0,20.9,no
3131,27.2,36.7,36.7,52.8,1865,594,57.9,62.1,21.3,no
3132,26.9,37.2,39.3,52.7,1831,604,57.4,62.0,21.4,no
3133,27.0,37.1,37.8,52.9,1826,603,57.4,62.6,21.0,no
3134,26.8,37.3,37.7,52.6,1880,593,57.9,62.0,21.5,no
3135,26.8,37.3,38.1,49.7,1850,611,58.3,62.6,20.4,no
3136,26.6,37.6,37.8,53.5,1828,618,57.7,61.7,20.9,no
3137,26.6,37.5,40.3,51.9,1836,618,57.8,62.2,21.4,no
3138,26.7,37.5,39.0,52.9,1862,619,58.0,61.6,22.1,no
3139,26.8,37.3,36.5,55.4,1874,616,58.0,62.1,21.6,no
3140,26.5,37.7,39.3,55.9,1831,613,58.1,62.4,22.1,no
3141,26.9,37.1,38.8,52.7,1860,606,58.3,61.7,20.4,no
3142,26.1,38.3,38.7,52.2,1864,622,58.4,62.0,21.0,no
3143,26.5,37.8,37.2,55.4,1882,605,57.4,62.8,21.1,no
3144,26.9,37.2,37.6,53.2,1867,619,57.6,62.7,21.6,no
3145,27.0,37.1,38.0,57.2,1831,622,58.2,62.1,21.1,no
3146,27.0,37.0,37.3,53.0,1811,623,58.3,62.3,22.3,no
3147,27.4,36.5,39.4,55.7,1859,616,57.0,61.8,21.0,no
3148,26.7,37.5,38.6,52.1,1849,632,58.3,62.1,20.3,no
3149,27.0,37.1,39.0,51.9,1887,620,58.4,62.3,19.7,no
3150,26.3,38.0,38.4,54.2,1823,620,58.0,61.8,19.9,no
3151,26.9,37.1,39.1,53.0,1856,614,58.0,61.8,21.4,no
3152,26.9,37.2,38.4,54.2,1815,623,58.0,62.1,20.9,no
3153,26.4,37.8,37.2,54.2,1866,622,58.4,61.7,21.3,no
3154,26.9,37.1,38.8,50.7,1836,612,57.4,62.4,21.0,no
3155,27.0,37.0,37.6,52.3,1881,607,58.0,61.7,23.0,no
3156,26.2,38.1,38.8,54.8,1842,606,58.3,62.1,20.9,no
3157,26.8,37.4,36.6,51.5,1856,608,57.9,61.6,21.0,no
3158,26.7,37.5,39.3,54.5,1817,612,57.9,61.5,21.4,no
3159,26.4,37.8,38.4,53.4,1857,608,58.4,61.2,22.0,no
3160,26.6,37.5,37.5,51.7,1843,608,58.2,61.3,20.8,no
3161,26.5,37.7,37.8,53.0,1836,605,58.2,61.4,21.9,no
3162,26.9,37.2,38.1,50.5,1827,615,58.5,61.8,21.2,no
3163,27.0,37.0,35.8,51.2,1841,610,59.0,62.2,21.1,no
3164,26.8,37.4,37.8,53.8,1852,607,58.2,61.5,21.8,no
3165,26.9,37.2,37.8,49.6,1878,616,58.6,62.2,21.7,no
3166,27.0,37.0,38.7,52.1,1872,618,57.9,62.0,20.6,no
3167,26.2,38.1,39.3,52.5,1839,615,57.7,62.2,21.5,no
3168,27.2,36.7,38.4,56.0,1828,608,57.7,62.5,21.6,no
3169,27.3,36.7,38.5,53.2,1843,605,57.5,62.4,20.1,no
3170,27.0,37.0,37.5,49.6,1877,603,58.1,62.5,21.8,no
3171,27.3,36.6,37.6,53.3,1874,604,58.5,61.7,21.7,no
3172,27.3,36.6,38.1,53.6,1856,608,58.7,61.7,22.3,no
3173,26.4,37.9,37.1,51.1,1868,614,58.4,61.8,21.9,no
3174,27.3,36.6,39.8,51.8,1827,612,58.0,62.1,21.7,no
3175,26.8,37.3,36.9,49.6,1847,597,58.1,61.4,20.1,no
3176,27.0,37.1,35.0,52.6,1835,600,58.0,62.7,21.1,no
3177,26.7,37.4,38.5,52.1,1843,602,58.7,61.3,21.9,no
3178,26.4,37.9,37.1,53.4,1842,611,57.9,61.5,21.6,no
3179,27.1,36.9,39.6,51.9,1831,615,58.1,61.2,21.3,no
3180,26.4,37.9,37.5,53.6,1871,604,57.7,61.5,22.3,no
3181,26.4,37.9,38.8,53.0,1834,622,58.2,62.2,20.8,no
3182,27.1,37.0,39.2,50.1,1870,606,57.7,62.9,21.6,no
3183,27.0,37.1,38.1,51.8,1840,605,57.8,62.5,20.8,no
3184,26.8,37.3,40.7,54.1,1844,605,58.3,62.2,21.8,no
3185,26.9,37.2,36.7,52.5,1836,613,57.4,61.3,21.8,no
3186,27.0,37.0,37.8,54.5,1898,608,58.5,62.2,21.1,no
3187,26.2,38.1,39.1,54.5,1858,605,58.5,62.5,20.4,no
3188,27.0,37.1,35.9,53.3,1876,613,57.8,62.3,21.3,no
3189,27.3,36.6,35.4,52.4,1839,605,57.8,61.8,21.8,no
3190,26.1,38.3,38.5,52.2,1869,606,58.3,62.7,21.8,no
3191,26.3,38.1,38.6,52.9,1870,607,57.8,61.8,21.5,no
3192,26.8,37.3,39.0,51.6,1836,611,57.9,61.8,22.0,no
3193,27.1,37.0,36.9,51.8,1878,611,58.2,62.1,21.0,no
3194,26.7,37.4,36.1,54.8,1889,617,57.9,61.9,21.3,no
3195,26.9,37.1,38.7,54.1,1830,614,57.5,62.4,21.5,no
3196,26.8,37.4,37.1,51.8,1853,617,58.2,62.3,21.9,no
3197,26.3,38.0,38.3,54.3,1835,615,57.9,61.6,20.2,no
3198,26.6,37.6,36.2,52.1,1839,616,57.8,61.9,22.6,no
3199,26.6,37.6,38.3,52.7,1860,601,57.7,61.3,20.8,no
3200,26.2,38.2,36.6,51.7,1837,632,57.9,61.2,21.2,no
3201,27.3,36.7,38.4,53.7,1834,607,58.4,61.6,20.9,no
3202,26.6,37.5,39.2,52.6,1845,619,57.5,62.1,21.7,no
3203,27.1,36.9,36.5,53.4,1822,619,58.1,61.9,21.6,no
3204,26.9,37.2,37.2,50.9,1851,603,57.9,62.1,21.2,no
3205,26.9,37.2,37.2,54.8,1845,608,58.1,62.2,22.3,no
3206,26.5,37.7,38.2,51.4,1830,612,57.6,61.5,22.2,no
3207,27.0,37.0,39.6,52.3,1886,604,57.6,62.0,21.5,no
3208,27.0,37.0,38.3,51.3,1840,607,58.4,62.0,20.5,no
3209,26.9,37.2,39.6,52.8,1834,593,57.9,61.3,21.8,no
3210,26.5,37.8,39.6,53.5,1842,623,57.9,62.2,20.9,no
3211,27.7,36.1,38.6,50.1,1844,610,58.5,61.8,21.7,no
3212,26.7,37.5,36.7,52.4,1878,611,58.2,61.5,20.5,no
3213,26.4,37.8,39.4,51.8,1856,602,57.8,62.1,22.6,no
3214,26.8,37.3,39.7,53.5,1864,620,58.3,61.7,20.6,no
3215,26.4,37.9,36.0,53.4,1841,591,58.0,62.1,22.3,no
3216,26.6,37.6,38.0,50.8,1854,601,58.2,61.7,20.2,no
3217,26.9,37.2,38.5,53.7,1838,619,58.5,61.7,21.5,no
3218,26.6,37.5,39.3,52.5,1820,610,57.7,61.7,21.7,no
3219,26.7,37.4,37.8,55.2,1851,620,57.9,61.7,22.4,no
3220,27.3,36.7,36.5,52.6,1839,614,57.9,62.5,21.4,no
3221,26.4,37.9,38.3,54.6,1893,615,57.5,62.5,21.3,no
3222,26.5,37.7,37.7,52.8,1856,614,57.7,62.5,22.3,no
3223,26.4,37.9,38.3,54.8,1844,620,58.1,61.7,21.9,no
3224,26.8,37.3,39.7,54.4,1849,605,58.7,62.5,20.9,no
3225,27.1,36.9,38.6,50.9,1874,612,58.1,61.5,22.1,no
3226,26.9,37.2,39.2,51.9,1884,581,57.6,62.4,21.6,no
3227,27.0,37.0,38.4,53.9,1854,607,57.7,61.9,21.7,no
3228,26.6,37.6,36.4,50.4,1827,612,58.2,62.1,20.2,no
3229,26.9,37.2,37.5,54.2,1875,607,57.3,62.3,21.9,no
3230,26.8,37.2,41.1,52.6,1867,600,58.7,61.3,20.4,no
3231,26.6,37.6,37.2,52.5,1847,623,57.5,61.2,22.3,no
3232,27.0,37.0,37.7,49.0,1832,617,58.4,62.6,21.9,no
3233,27.1,36.9,37.4,55.2,1840,609,57.9,61.3,22.5,no
3234,26.7,37.5,39.3,55.2,1850,598,57.3,62.6,21.0,no
3235,27.1,36.9,38.6,52.6,1841,613,57.9,62.6,20.0,no
3236,27.2,36.7,38.9,53.8,1835,599,57.3,61.8,22.2,no
3237,26.9,37.1,37.2,52.0,1847,625,57.7,62.1,21.0,no
3238,26.9,37.2,38.3,53.5,1875,601,57.8,62.9,21.6,no
3239,26.7,37.5,37.6,53.9,1820,622,57.8,62.2,20.6,no
3240,26.3,38.0,38.9,54.6,1861,615,58.3,61.5,21.1,no
3241,27.4,36.5,39.4,52.7,1858,605,58.6,62.4,21.8,no
3242,26.5,37.7,38.9,53.0,1855,613,58.5,62.3,21.6,no
3243,26.7,37.4,38.5,52.2,1858,616,58.1,62.2,21.5,no
3244,27.3,36.6,36.4,48.9,1861,606,58.1,61.9,21.2,no
3245,26.9,37.2,36.8,52.9,1866,619,58.1,61.6,20.7,no
3246,27.2,36.8,38.0,52.6,1845,610,57.1,62.5,21.4,no
3247,27.3,36.7,37.2,53.4,1855,609,57.9,62.4,21.0,no
3248,26.7,37.5,39.3,52.9,1881,620,57.6,61.4,22.4,no
3249,26.9,37.2,39.8,53.3,1854,613,57.9,61.4,22.1,no
3250,27.2,36.7,36.3,53.0,1829,614,58.6,61.9,22.2,no
3251,26.7,37.4,37.4,52.7,1800,623,57.9,61.5,21.6,no
3252,26.2,38.1,37.4,51.5,1849,608,57.6,62.3,21.8,no
3253,26.5,37.7,37.1,52.0,1862,617,58.0,62.5,21.3,no
3254,26.4,37.9,38.9,50.8,1846,619,58.2,62.0,22.2,no
3255,26.7,37.4,35.9,55.3,1850,604,58.0,62.1,20.5,no
3256,26.7,37.5,36.5,52.1,1861,608,57.7,62.0,22.3,no
3257,26.5,37.8,40.5,51.7,1863,596,57.9,62.1,21.6,no
3258,26.9,37.2,38.2,53.4,1836,609,58.2,62.0,21.6,no
3259,26.7,37.5,37.9,50.9,1844,617,58.3,62.2,21.1,no
3260,26.8,37.3,38.4,51.3,1852,617,58.3,61.3,20.6,no
3261,27.3,36.6,36.6,55.7,1840,610,57.7,62.4,21.4,no
3262,26.8,37.3,38.9,51.5,1837,622,58.2,62.0,21.6,no
3263,26.7,37.5,40.0,52.9,1846,605,58.0,62.4,22.1,no
3264,27.3,36.7,38.6,52.2,1861,596,57.9,62.1,21.6,no
3265,27.1,37.0,36.3,51.1,1817,622,58.1,61.6,22.6,no
3266,26.5,37.7,37.4,51.6,1854,606,58.0,62.2,20.6,no
3267,26.5,37.7,38.0,54.4,1878,605,56.9,62.0,20.5,no
3268,26.7,37.5,37.1,54.1,1873,610,58.3,62.1,20.8,no
3269,26.6,37.6,37.4,53.5,1837,588,57.4,62.5,20.2,no
3270,26.4,37.9,36.6,55.1,1821,621,57.7,62.4,21.6,no
3271,26.9,37.2,39.2,52.4,1864,619,58.5,62.0,21.5,no
3272,26.9,37.2,39.0,53.9,1861,604,57.3,61.9,22.3,no
3273,27.0,37.1,37.2,51.2,1888,601,57.7,61.4,21.1,no
3274,26.8,37.4,39.1,51.5,1849,604,57.3,62.4,22.2,no
3275,27.3,36.7,38.9,54.0,1843,624,57.8,62.2,20.5,no
3276,26.8,37.3,37.2,51.6,1832,612,57.6,62.2,21.3,no
3277,26.7,37.4,38.2,52.1,1838,598,58.2,62.2,20.9,no
3278,26.8,37.4,34.4,53.3,1861,600,58.8,62.5,20.3,no
3279,26.5,37.8,37.6,55.1,1857,607,58.1,61.6,21.8,no
3280,26.6,37.5,39.3,54.3,1879,613,58.0,61.9,21.7,no
3281,26.5,37.7,35.5,54.9,1873,601,58.3,61.2,21.1,no
3282,27.3,36.6,38.5,52.6,1864,611,58.4,61.8,22.5,no
3283,26.9,37.1,38.0,51.9,1871,601,57.9,61.9,21.9,no
3284,26.8,37.4,37.0,53.6,1817,615,58.0,62.5,21.1,no
3285,27.2,36.7,36.6,53.2,1859,609,58.5,61.9,21.1,no
3286,26.6,37.6,40.9,51.2,1864,607,58.4,62.6,21.3,no
3287,27.5,36.3,35.7,55.3,1848,619,58.1,61.6,22.3,no
3288,27.1,36.9,35.1,52.4,1857,604,57.9,61.9,21.0,no
3289,26.6,37.5,37.5,56.2,1861,620,58.1,61.9,21.7,no
3290,27.4,36.4,37.7,51.4,1831,629,58.1,61.4,20.7,no
3291,27.1,36.9,39.0,55.4,1841,620,58.2,62.7,21.2,no
3292,26.6,37.6,37.0,52.3,1841,613,58.2,61.6,20.6,no
3293,26.8,37.3,38.0,52.7,1882,613,57.5,61.9,21.9,no
3294,26.7,37.5,38.2,55.2,1849,605,57.9,61.8,21.4,no
3295,26.8,37.3,37.9,53.5,1852,624,57.7,62.0,20.4,no
3296,26.8,37.3,39.2,52.8,1879,622,58.7,62.3,22.0,no
3297,26.6,37.6,36.8,52.3,1820,611,57.7,62.3,20.9,no
3298,26.8,37.3,37.0,53.1,1880,613,58.5,62.2,22.4,no
3299,27.4,36.5,38.1,49.8,1854,612,58.5,61.9,20.9,no
3300,26.8,37.3,37.2,53.9,1846,600,57.4,62.3,20.9,no
3301,26.6,37.6,39.6,51.7,1867,618,57.9,62.6,21.3,no
3302,27.0,37.1,36.5,50.8,1855,613,58.3,62.3,20.8,no
3303,26.9,37.2,37.4,53.5,1840,606,57.9,61.9,21.3,no
3304,26.8,37.3,38.0,54.2,1880,612,58.4,61.9,20.7,no
3305,26.9,37.2,40.6,50.8,1854,604,58.5,62.7,21.0,no
3306,26.9,37.1,37.2,51.7,1860,610,57.8,62.1,20.9,no
3307,26.8,37.4,40.2,52.0,1855,625,57.5,62.8,21.7,no
3308,26.0,38.4,37.6,52.2,1844,617,58.3,61.3,21.3,no
3309,26.5,37.8,35.6,50.9,1849,602,57.9,61.8,21.9,no
3310,26.1,38.3,36.7,53.4,1838,611,58.4,61.8,21.0,no
3311,26.6,37.6,40.4,51.9,1866,614,57.7,61.7,21.0,no
3312,26.9,37.2,39.1,51.0,1849,619,57.6,62.1,21.3,no
3313,27.0,37.1,37.1,50.7,1832,619,58.3,61.5,22.5,no
3314,26.6,37.5,35.7,55.5,1831,605,58.3,62.3,22.7,no
3315,27.1,37.0,38.1,51.3,1850,610,58.6,62.2,20.6,no
3316,26.3,38.0,38.7,53.8,1867,601,58.7,61.9,22.2,no
3317,26.7,37.5,37.1,52.8,1864,602,58.6,62.2,21.4,no
3318,26.4,37.9,37.8,53.7,1837,622,58.2,62.2,19.9,no
3319,27.3,36.7,39.4,52.1,1876,598,57.9,63.0,21.6,no
3320,26.6,37.6,41.3,53.7,1835,605,58.4,62.4,20.1,no
3321,27.4,36.5,36.3,51.2,1884,609,58.3,62.4,20.2,no
3322,26.3,38.0,35.9,53.6,1868,608,57.5,62.3,21.1,no
3323,26.5,37.7,37.0,55.1,1849,613,58.2,62.4,21.6,no
3324,27.2,36.7,37.4,51.2,1853,611,58.0,61.8,21.5,no
3325,26.9,37.2,37.2,52.2,1866,597,57.3,62.4,20.5,no
3326,27.1,37.0,38.9,56.2,1828,618,57.8,62.5,21.5,no
3327,26.6,37.5,38.5,54.5,1864,604,58.4,62.5,21.7,no
3328,26.2,38.1,39.6,53.2,1875,610,57.8,61.8,21.0,no
3329,26.9,37.1,36.2,53.6,1828,619,57.6,61.3,21.0,no
3330,26.6,37.6,37.5,53.3,1836,609,58.2,62.7,21.9,no
3331,26.7,37.4,37.7,52.8,1853,605,58.0,62.9,21.4,no
3332,26.4,37.8,39.7,53.0,1858,616,57.9,62.4,21.2,no
3333,26.9,37.1,38.4,52.7,1842,613,58.0,62.4,21.2,no
3334,26.5,37.7,38.8,52.1,1857,614,58.6,62.1,21.4,no
3335,27.1,36.9,38.2,53.8,1809,618,57.9,63.4,21.1,no
3336,26.3,38.0,37.6,52.3,1813,603,57.9,62.1,20.6,no
3337,26.5,37.7,38.1,51.2,1861,615,58.0,61.9,20.2,no
3338,27.2,36.7,39.6,51.6,1825,617,58.7,61.4,20.7,no
3339,26.8,37.4,37.6,53.5,1841,629,58.5,61.9,20.8,no
3340,26.9,37.1,38.4,52.0,1871,608,58.7,62.6,20.2,no
3341,26.4,37.9,38.8,50.8,1862,616,58.0,62.8,21.1,no
3342,26.4,37.9,37.1,52.8,1819,604,57.5,61.3,22.2,no
3343,26.3,38.0,38.9,53.7,1852,620,58.1,62.1,22.2,no
3344,27.0,37.0,37.3,53.9,1827,616,57.6,62.2,21.1,no
3345,26.9,37.2,37.7,52.4,1870,596,57.3,62.0,20.5,no
3346,26.5,37.7,37.2,51.6,1822,612,58.4,61.5,21.5,no
3347,27.1,36.9,36.9,54.7,1865,620,58.7,62.2,21.2,no
3348,26.9,37.2,37.5,52.9,1849,603,57.4,62.0,21.6,no
3349,26.6,37.6,37.0,52.2,1863,602,58.6,62.0,20.8,no
3350,26.3,38.1,38.2,56.7,1849,607,57.5,62.1,21.3,no
3351,26.8,37.3,37.7,54.2,1852,623,57.4,61.8,21.0,no
3352,26.6,37.5,36.1,52.7,1870,614,58.5,62.1,21.6,no
3353,26.4,37.9,36.4,53.1,1857,619,57.2,62.3,21.4,no
3354,26.5,37.8,39.3,50.3,1839,607,57.9,62.5,21.3,no
3355,26.8,37.4,38.6,51.7,1835,594,57.7,62.3,22.0,no
3356,26.6,37.6,38.5,55.1,1852,608,57.7,62.2,20.9,no
3357,26.6,37.6,38.5,55.0,1866,613,58.2,61.9,20.2,no
3358,27.1,36.9,37.7,54.5,1874,619,58.3,62.4,21.6,no
3359,26.7,37.4,37.5,52.7,1824,613,57.7,62.0,20.9,no
3360,27.1,36.9,39.3,52.6,1871,622,58.1,61.8,21.3,no
3361,26.4,37.8,37.0,53.6,1872,619,58.2,62.3,22.3,no
3362,26.6,37.5,36.3,52.6,1872,606,59.2,62.2,21.3,no
3363,27.1,37.0,37.8,51.3,1885,615,57.6,62.3,20.9,no
3364,26.8,37.3,37.7,50.5,1863,613,58.1,61.7,21.6,no
3365,26.7,37.5,36.6,57.0,1858,616,58.2,62.3,21.4,no
3366,27.5,36.3,39.9,49.1,1871,610,57.1,61.6,21.4,no
3367,27.0,37.1,37.3,51.8,1850,602,58.1,62.2,21.6,no
3368,26.6,37.5,38.6,53.0,1826,613,58.2,62.1,21.6,no
3369,26.6,37.7,37.8,53.9,1873,602,57.3,62.2,21.0,no
3370,26.5,37.7,37.4,53.5,1849,609,57.9,62.9,21.6,no
3371,26.4,37.9,37.8,52.3,1852,615,57.9,62.1,20.4,no
3372,26.6,37.6,37.0,51.5,1853,601,58.1,61.5,22.0,no
3373,26.9,37.2,37.3,50.4,1856,615,57.7,62.2,21.6,no
3374,26.6,37.6,37.7,51.9,1860,614,58.1,61.7,20.9,no
3375,27.0,37.0,38.3,52.9,1838,611,57.6,62.1,21.1,no
3376,26.2,38.1,36.5,52.1,1823,624,58.2,62.0,20.9,no
3377,26.5,37.7,38.0,53.6,1828,614,58.0,62.5,20.1,no
3378,26.8,37.3,36.1,54.3,1816,615,57.4,61.7,22.7,no
3379,26.6,37.6,36.5,50.4,1817,610,57.6,62.4,20.5,no
3380,26.8,37.3,38.5,53.1,1841,598,57.7,63.0,20.7,no
3381,26.3,38.0,37.2,52.1,1851,608,58.5,61.4,21.9,no
3382,26.5,37.7,38.5,51.1,1866,622,58.3,62.5,21.1,no
3383,26.5,37.7,35.9,53.7,1856,619,58.7,62.0,21.3,no
3384,26.5,37.8,38.1,53.7,1883,607,57.7,62.1,20.9,no
3385,26.6,37.5,38.9,53.8,1844,617,57.0,62.2,20.8,no
3386,26.4,37.9,35.8,55.2,1832,614,58.0,62.3,21.2,no
3387,26.8,37.3,37.7,54.1,1832,596,58.0,62.0,22.1,no
3388,26.6,37.6,35.7,50.4,1800,611,57.9,62.2,21.6,no
3389,26.3,38.1,38.4,53.1,1853,616,58.0,61.6,21.8,no
3390,26.8,37.3,38.1,53.3,1855,592,58.0,62.6,21.2,no
3391,27.0,37.0,38.7,51.8,1867,607,58.3,62.2,21.2,no
3392,26.8,37.4,37.2,54.0,1868,593,57.6,62.3,21.5,no
3393,27.0,37.1,38.1,55.2,1850,605,58.0,62.2,20.7,no
3394,26.9,37.2,36.7,53.0,1849,629,57.6,62.1,21.5,no
3395,26.3,38.0,38.8,53.3,1872,613,57.7,61.8,21.0,no
3396,26.7,37.5,37.1,50.7,1850,608,58.3,61.7,21.3,no
3397,26.3,38.0,40.8,52.0,1855,611,58.3,61.9,19.7,no
3398,26.6,37.5,37.1,52.3,1841,604,58.0,62.3,20.8,no
3399,27.0,37.0,37.9,54.7,1836,609,58.3,61.9,21.1,no
3400,27.0,37.1,37.0,53.1,1835,610,58.7,61.5,20.3,no
3401,26.9,37.2,38.4,52.4,1874,616,58.3,62.0,20.6,no
3402,26.8,37.4,37.6,51.8,1840,614,58.3,62.0,20.6,no
3403,27.3,36.6,39.9,53.8,1872,610,57.8,61.1,21.9,no
3404,27.0,37.1,36.3,50.8,1846,596,58.3,61.9,21.1,no
3405,26.9,37.2,37.8,54.2,1854,608,57.6,60.8,20.8,no
3406,26.7,37.5,38.5,51.7,1811,613,57.3,62.6,21.6,no
3407,26.9,37.2,37.6,53.6,1827,622,57.8,62.0,21.2,no
3408,26.7,37.5,38.7,52.2,1829,608,57.3,61.4,21.4,no
3409,26.8,37.3,41.2,51.8,1836,601,57.8,62.1,21.7,no
3410,26.9,37.2,36.8,52.1,1853,628,57.8,61.8,20.8,no
3411,26.7,37.5,38.9,53.8,1847,604,58.5,61.8,21.1,no
3412,27.2,36.8,38.1,53.4,1853,613,58.4,61.8,20.6,no
3413,26.1,38.3,38.4,52.7,1827,616,58.0,61.8,22.0,no
3414,26.4,37.9,37.0,51.7,1865,614,58.0,62.7,21.6,no
3415,26.7,37.5,37.3,52.4,1857,612,58.0,61.5,21.5,no
3416,26.5,37.8,37.2,56.2,1868,604,58.6,62.2,20.6,no
3417,26.5,37.7,38.9,52.9,1853,606,58.1,61.9,20.2,no
3418,26.4,37.8,39.3,50.2,1845,620,57.6,61.6,21.9,no
3419,26.9,37.2,37.9,54.9,1863,602,58.1,62.1,21.7,no
3420,26.7,37.5,39.3,52.6,1859,612,57.9,61.6,21.2,no
3421,26.4,37.9,38.6,52.9,1849,617,58.3,62.0,21.6,no
3422,27.0,37.0,38.9,55.7,1857,607,58.5,61.7,20.7,no
3423,26.8,37.3,37.6,52.0,1864,612,57.9,61.9,21.3,no
3424,26.6,37.6,38.8,51.7,1830,614,58.4,61.6,21.8,no
3425,26.5,37.7,37.0,50.4,1839,604,58.0,62.8,21.7,no
3426,26.6,37.5,37.1,52.5,1874,616,58.0,61.7,21.6,no
3427,26.2,38.1,37.9,50.0,1832,611,57.9,61.5,21.0,no
3428,26.7,37.5,37.1,51.6,1839,613,58.3,62.1,21.1,no
3429,26.9,37.2,36.4,51.8,1860,618,57.8,61.5,21.9,no
3430,26.7,37.5,37.5,52.3,1841,610,57.5,62.1,20.0,no
3431,26.8,37.3,38.7,53.1,1875,619,58.0,62.4,21.5,no
3432,27.3,36.7,38.9,52.4,1848,619,58.2,62.0,22.0,no
3433,26.8,37.4,38.1,50.4,1840,606,57.6,61.6,21.3,no
3434,26.9,37.2,37.2,53.8,1840,613,58.5,61.0,19.7,no
3435,26.9,37.1,38.2,53.5,1844,609,57.9,61.7,21.9,no
3436,27.1,36.9,38.9,53.8,1847,620,58.1,62.5,19.7,no
3437,26.4,37.8,37.3,52.9,1855,608,57.7,62.4,21.1,no
3438,26.6,37.6,37.4,55.2,1847,604,58.1,62.0,22.3,no
3439,26.9,37.2,37.5,55.8,1877,611,58.3,62.3,21.1,no
3440,26.7,37.5,39.1,53.8,1834,621,57.7,62.0,21.6,no
3441,26.9,37.2,38.0,52.8,1837,612,57.9,62.2,19.6,no
3442,27.2,36.8,38.8,55.1,1848,607,57.3,62.1,20.5,no
3443,26.5,37.7,39.6,54.3,1868,596,57.8,61.7,22.0,no
3444,26.9,37.2,38.1,53.7,1848,611,58.8,61.8,21.8,no
3445,26.9,37.2,37.8,52.9,1861,611,57.8,62.1,22.0,no
3446,27.6,36.2,38.0,52.9,1861,615,58.6,62.2,22.3,no
3447,26.4,37.9,38.6,50.4,1818,605,57.8,61.8,20.8,no
3448,27.5,36.4,36.5,50.6,1842,612,58.1,62.0,20.5,no
3449,26.8,37.3,37.3,50.7,1870,596,57.6,62.2,20.9,no
3450,26.8,37.3,37.6,54.4,1841,615,57.9,62.3,21.7,no
3451,26.9,37.1,36.5,52.8,1852,610,57.7,61.9,21.5,no
3452,26.4,37.9,37.4,53.4,1862,618,58.6,62.8,21.9,no
3453,26.6,37.6,36.6,50.9,1861,618,58.0,62.1,21.3,no
3454,27.3,36.6,36.4,54.2,1866,600,58.0,61.8,20.2,no
3455,27.0,37.0,38.4,54.7,1842,610,58.1,61.5,22.0,no
3456,27.5,36.3,35.0,52.8,1831,605,58.1,62.9,20.8,no
3457,26.6,37.6,39.1,53.5,1851,616,57.6,62.7,20.9,no
3458,26.7,37.4,35.9,51.9,1836,623,58.1,61.7,21.0,no
3459,27.2,36.8,38.5,51.3,1848,607,58.2,62.0,21.5,no
3460,26.5,37.7,37.9,53.1,1898,611,58.2,61.5,21.4,no
3461,26.7,37.4,40.4,51.8,1835,616,58.2,61.3,20.6,no
3462,26.4,37.9,39.9,52.3,1896,615,57.7,62.5,23.0,no
3463,26.9,37.2,38.6,51.1,1880,605,57.6,61.8,21.1,no
3464,26.6,37.6,39.9,53.4,1823,606,58.7,62.0,21.3,no
3465,26.7,37.4,37.5,52.7,1848,620,58.0,62.7,20.6,no
3466,27.0,37.0,37.8,53.4,1847,627,58.5,61.9,21.8,no
3467,26.7,37.4,39.8,53.7,1812,600,58.3,62.6,20.1,no
3468,27.0,37.1,37.4,53.0,1853,621,57.9,62.4,21.0,no
3469,27.1,36.9,37.5,54.1,1849,600,58.1,62.6,21.3,no
3470,26.4,37.9,38.3,49.9,1822,611,57.4,61.7,20.7,no
3471,26.7,37.5,38.6,55.5,1876,625,57.8,62.4,21.0,no
3472,26.6,37.6,37.5,53.6,1825,606,58.4,61.6,21.0,no
3473,27.0,37.0,39.3,55.0,1839,626,57.5,62.0,21.9,no
3474,26.7,37.4,37.9,53.2,1843,604,58.0,62.6,21.7,no
3475,26.5,37.7,37.4,55.0,1839,602,58.8,61.9,21.3,no
3476,26.8,37.3,38.5,52.7,1861,595,57.6,61.3,21.8,no
3477,26.4,37.8,35.9,50.8,1835,598,58.0,61.8,21.1,no
3478,26.8,37.3,39.8,50.3,1818,613,58.2,62.0,21.7,no
3479,26.8,37.4,39.5,52.0,1832,596,58.1,62.5,20.8,no
3480,26.8,37.3,38.6,51.4,1862,625,57.9,61.5,20.5,no
3481,26.9,37.2,37.6,53.2,1878,614,57.7,62.5,22.0,no
3482,27.0,37.1,37.8,54.0,1802,622,57.8,61.6,21.4,no
3483,26.3,38.0,39.5,55.8,1867,621,57.0,62.2,21.3,no
3484,26.9,37.2,39.6,53.4,1830,605,58.5,62.0,21.0,no
3485,26.6,37.6,38.9,51.3,1836,610,58.9,62.1,21.6,no
3486,27.1,36.9,34.9,53.4,1878,605,58.0,61.7,22.6,no
3487,26.4,37.9,37.1,52.4,1859,607,57.7,62.1,20.9,no
3488,26.4,37.8,38.7,53.8,1872,617,58.2,62.1,21.9,no
3489,27.0,37.1,38.9,52.1,1836,613,58.3,62.1,21.3,no
3490,27.0,37.0,38.1,52.4,1865,633,58.4,62.1,19.6,no
3491,27.0,37.1,37.4,53.2,1839,625,57.3,61.7,21.6,no
3492,26.5,37.7,38.3,50.6,1878,612,58.5,62.3,21.9,no
3493,26.6,37.6,38.6,53.4,1869,608,57.3,62.5,20.2,no
3494,26.3,38.0,38.9,51.0,1830,605,57.8,62.3,21.2,no
3495,26.7,37.4,38.5,52.6,1869,611,58.1,61.7,21.4,no
3496,27.1,36.9,37.0,53.4,1861,603,57.5,62.0,21.8,no
3497,26.7,37.5,37.4,52.1,1866,617,58.5,62.0,20.9,no
3498,26.7,37.4,39.2,51.4,1848,599,58.2,61.6,21.2,no
3499,26.7,37.5,37.4,52.7,1842,628,57.8,61.9,21.0,no
3500,27.0,37.0,38.4,55.1,1855,611,58.5,62.4,21.1,no
3501,26.7,37.5,38.5,54.9,1807,608,57.9,61.8,21.2,no
3502,26.7,37.5,38.5,53.7,1855,620,57.8,62.0,21.8,no
3503,26.4,37.9,36.3,51.1,1824,606,58.2,61.5,21.7,no
3504,26.7,37.4,37.3,53.6,1836,624,57.8,61.9,20.9,no
3505,26.9,37.2,37.0,54.3,1849,614,58.5,62.2,21.3,no
3506,26.9,37.2,37.5,51.4,1871,610,58.3,62.1,20.8,no
3507,27.3,36.6,38.7,53.3,1815,616,58.1,61.9,21.0,no
3508,27.0,37.0,38.7,51.3,1847,611,59.2,62.6,20.3,no
3509,26.5,37.7,37.0,52.9,1861,604,57.6,62.0,21.5,no
3510,27.2,36.8,37.2,53.6,1865,601,58.4,62.1,21.9,no
3511,26.5,37.7,38.4,51.4,1817,638,58.2,62.4,22.0,no
3512,26.7,37.4,37.1,52.6,1844,617,57.3,62.3,22.0,no
3513,26.9,37.2,37.1,51.7,1846,612,57.8,62.1,21.9,no
3514,27.4,36.5,39.6,54.8,1849,607,57.3,61.9,21.7,no
3515,26.6,37.6,38.0,52.9,1824,609,58.0,61.7,21.8,no
3516,26.6,37.6,36.5,52.6,1818,600,58.4,62.1,22.0,no
3517,26.5,37.7,38.4,50.0,1808,604,57.7,62.2,21.3,no
3518,26.5,37.7,39.8,54.2,1870,618,58.1,62.2,20.6,no
3519,26.8,37.4,36.2,54.4,1891,597,57.9,61.7,22.1,no
3520,26.4,37.9,39.0,49.8,1848,622,58.0,62.1,21.7,no
3521,26.7,37.4,38.4,53.7,1849,599,57.3,62.5,21.3,no
3522,27.2,36.8,39.2,53.2,1846,611,58.1,61.9,21.4,no
3523,27.0,37.0,38.5,52.8,1858,604,57.8,61.5,21.1,no
3524,26.0,38.4,37.7,52.8,1874,627,58.0,62.0,21.8,no
3525,26.5,37.8,38.8,52.3,1874,603,58.1,62.0,21.8,no
3526,27.2,36.8,39.8,57.0,1846,617,57.9,61.8,21.5,no
3527,26.5,37.8,36.6,51.7,1859,594,58.1,61.6,22.4,no
3528,27.1,36.9,35.4,56.0,1863,609,57.7,61.8,20.3,no
3529,26.7,37.4,36.7,51.2,1835,612,57.6,62.4,20.8,no
3530,26.8,37.3,39.0,53.3,1869,610,58.5,62.5,21.0,no
3531,26.3,38.1,38.5,50.5,1845,614,58.2,61.8,20.9,no
3532,26.9,37.2,36.2,53.3,1858,604,58.0,61.3,21.0,no
3533,27.1,36.9,37.8,51.6,1813,611,58.0,62.0,21.5,no
3534,26.7,37.5,39.8,52.3,1858,601,58.4,62.1,20.2,no
3535,26.9,37.2,37.0,53.6,1876,610,57.7,62.0,21.3,no
3536,26.9,37.1,37.4,51.2,1856,619,58.0,62.4,21.6,no
3537,26.9,37.2,37.7,52.4,1861,607,58.3,62.3,21.4,no
3538,26.4,37.9,38.6,54.7,1861,623,57.6,62.4,21.9,no
3539,27.0,37.0,38.7,53.2,1850,601,58.4,62.0,21.6,no
3540,26.7,37.4,38.5,50.8,1863,603,58.2,62.7,22.4,no
3541,27.0,37.0,39.9,54.8,1850,612,58.0,61.2,20.6,no
3542,26.8,37.4,37.2,53.7,1847,621,58.0,62.0,21.9,no
3543,26.5,37.7,36.6,54.6,1848,595,57.3,62.1,20.3,no
3544,26.7,37.5,37.0,52.8,1837,612,58.3,61.9,21.5,no
3545,26.7,37.4,35.4,52.4,1864,614,57.8,62.1,21.4,no
3546,27.1,36.9,38.0,51.1,1846,614,57.6,62.2,19.7,no
3547,26.6,37.5,37.6,54.5,1878,621,58.2,62.4,20.8,no
3548,26.4,37.8,38.2,51.8,1835,604,57.6,61.9,20.9,no
3549,26.8,37.3,39.1,54.5,1856,605,58.3,62.1,21.7,no
3550,26.3,38.0,37.1,55.0,1838,601,58.3,63.3,21.3,no
3551,26.4,37.8,37.6,52.0,1836,609,59.2,61.9,21.2,no
3552,26.5,37.8,39.0,52.7,1853,616,57.8,63.1,20.9,no
3553,27.0,37.1,37.9,54.5,1835,613,58.6,62.6,20.9,no
3554,26.7,37.5,37.5,54.6,1882,624,58.1,61.9,21.0,no
3555,26.9,37.2,38.4,52.4,1856,611,57.9,62.3,20.8,no
3556,26.5,37.8,36.1,51.8,1864,610,58.1,62.4,21.9,no
3557,26.4,37.9,39.3,52.6,1848,614,57.5,62.3,20.8,no
3558,26.5,37.7,39.8,53.6,1827,621,58.4,62.3,20.9,no
3559,27.3,36.6,38.3,52.5,1844,603,58.0,61.9,21.4,no
3560,26.8,37.3,38.8,52.2,1837,605,57.6,62.0,20.8,no
3561,26.7,37.5,38.6,53.4,1847,616,58.4,61.5,21.1,no
3562,26.2,38.2,37.0,55.5,1848,602,57.9,62.0,20.8,no
3563,27.0,37.1,38.0,52.1,1840,621,58.0,61.8,20.9,no
3564,26.9,37.2,38.4,53.9,1888,608,57.9,62.1,20.6,no
3565,27.0,37.1,37.3,53.0,1842,596,57.3,62.2,20.3,no
3566,26.8,37.4,40.0,52.3,1870,614,57.7,62.3,20.0,no
3567,26.3,38.0,37.2,53.2,1849,607,58.6,61.8,20.9,no
3568,26.5,37.7,37.9,54.7,1855,610,58.0,62.0,21.8,no
3569,27.2,36.7,37.3,52.5,1854,608,58.0,61.6,20.9,no
3570,26.7,37.5,36.7,52.5,1881,602,58.0,61.0,22.1,no
3571,26.9,37.2,38.5,50.9,1876,616,58.5,61.4,21.8,no
3572,26.7,37.4,40.8,53.7,1866,608,57.7,62.4,21.1,no
3573,26.7,37.4,37.4,54.5,1826,602,58.2,62.3,20.9,no
3574,26.5,37.7,39.0,52.3,1863,615,58.1,60.9,21.0,no
3575,26.5,37.8,38.8,49.8,1824,610,58.1,62.5,20.9,no
3576,26.8,37.3,37.7,54.4,1863,618,58.5,61.9,21.3,no
3577,27.1,36.9,39.3,51.0,1838,617,57.8,61.8,20.9,no
3578,26.5,37.7,36.8,55.0,1854,632,57.9,62.6,20.9,no
3579,27.2,36.8,37.1,52.5,1879,615,57.9,61.9,21.7,no
3580,27.0,37.1,38.3,52.2,1857,600,58.6,62.1,21.0,no
3581,26.8,37.3,38.8,53.6,1883,606,57.9,61.7,20.9,no
3582,26.8,37.3,37.2,52.8,1846,605,58.2,62.1,21.3,no
3583,26.4,37.9,39.1,55.1,1853,615,57.9,61.5,21.1,no
3584,26.6,37.6,36.7,48.0,1869,605,58.8,62.3,21.6,no
3585,26.3,38.0,37.3,53.5,1846,619,58.1,62.4,21.5,no
3586,26.8,37.3,38.5,54.2,1837,606,58.3,62.6,21.4,no
3587,27.0,37.0,37.3,54.1,1837,607,57.8,61.5,21.9,no
3588,27.1,36.9,39.6,52.0,1840,606,57.4,62.6,21.3,no
3589,26.8,37.3,39.9,50.9,1842,601,57.7,62.1,20.8,no
3590,26.4,37.9,39.7,55.0,1842,601,58.6,61.8,20.2,no
3591,26.6,37.6,36.9,51.9,1834,629,58.5,61.6,21.1,no
3592,26.7,37.4,38.9,53.5,1845,609,58.5,62.2,21.1,no
3593,26.5,37.8,36.3,53.5,1836,610,58.3,62.1,20.9,no
3594,27.0,37.0,37.3,53.1,1842,607,58.1,62.5,21.4,no
3595,26.6,37.6,38.4,53.8,1824,610,58.0,62.6,21.2,no
3596,26.2,38.2,37.1,53.2,1880,609,58.1,62.2,21.2,no
3597,27.1,37.0,35.7,54.4,1853,618,58.3,62.6,20.5,no
3598,27.1,36.9,37.1,52.7,1869,616,57.8,62.5,22.2,no
3599,26.6,37.6,38.8,53.7,1861,611,58.2,61.8,20.6,no
